WordNet_ID,filename
n01518878,ILSVRC2012_val_00001031.JPEG
n01518878,ILSVRC2012_val_00001398.JPEG
n01518878,ILSVRC2012_val_00003297.JPEG
n01518878,ILSVRC2012_val_00004756.JPEG
n01518878,ILSVRC2012_val_00004983.JPEG
n01518878,ILSVRC2012_val_00005427.JPEG
n01518878,ILSVRC2012_val_00008176.JPEG
n01518878,ILSVRC2012_val_00008294.JPEG
n01518878,ILSVRC2012_val_00008898.JPEG
n01518878,ILSVRC2012_val_00010594.JPEG
n01518878,ILSVRC2012_val_00010763.JPEG
n01518878,ILSVRC2012_val_00013321.JPEG
n01518878,ILSVRC2012_val_00014328.JPEG
n01518878,ILSVRC2012_val_00015266.JPEG
n01518878,ILSVRC2012_val_00015706.JPEG
n01518878,ILSVRC2012_val_00017839.JPEG
n01518878,ILSVRC2012_val_00019184.JPEG
n01518878,ILSVRC2012_val_00023214.JPEG
n01518878,ILSVRC2012_val_00023607.JPEG
n01518878,ILSVRC2012_val_00023778.JPEG
n01518878,ILSVRC2012_val_00024268.JPEG
n01518878,ILSVRC2012_val_00024800.JPEG
n01518878,ILSVRC2012_val_00028978.JPEG
n01518878,ILSVRC2012_val_00030699.JPEG
n01518878,ILSVRC2012_val_00031239.JPEG
n01518878,ILSVRC2012_val_00031913.JPEG
n01518878,ILSVRC2012_val_00032849.JPEG
n01518878,ILSVRC2012_val_00033181.JPEG
n01518878,ILSVRC2012_val_00034316.JPEG
n01518878,ILSVRC2012_val_00035123.JPEG
n01518878,ILSVRC2012_val_00035785.JPEG
n01518878,ILSVRC2012_val_00036105.JPEG
n01518878,ILSVRC2012_val_00036749.JPEG
n01518878,ILSVRC2012_val_00037698.JPEG
n01518878,ILSVRC2012_val_00037941.JPEG
n01518878,ILSVRC2012_val_00038156.JPEG
n01518878,ILSVRC2012_val_00039355.JPEG
n01518878,ILSVRC2012_val_00041114.JPEG
n01518878,ILSVRC2012_val_00041977.JPEG
n01518878,ILSVRC2012_val_00042926.JPEG
n01518878,ILSVRC2012_val_00043764.JPEG
n01518878,ILSVRC2012_val_00044483.JPEG
n01518878,ILSVRC2012_val_00044624.JPEG
n01518878,ILSVRC2012_val_00044975.JPEG
n01518878,ILSVRC2012_val_00045402.JPEG
n01518878,ILSVRC2012_val_00046260.JPEG
n01518878,ILSVRC2012_val_00046654.JPEG
n01518878,ILSVRC2012_val_00047400.JPEG
n01518878,ILSVRC2012_val_00048600.JPEG
n01518878,ILSVRC2012_val_00049090.JPEG
n01622779,ILSVRC2012_val_00000318.JPEG
n01622779,ILSVRC2012_val_00001213.JPEG
n01622779,ILSVRC2012_val_00002228.JPEG
n01622779,ILSVRC2012_val_00002511.JPEG
n01622779,ILSVRC2012_val_00003169.JPEG
n01622779,ILSVRC2012_val_00003892.JPEG
n01622779,ILSVRC2012_val_00004345.JPEG
n01622779,ILSVRC2012_val_00004859.JPEG
n01622779,ILSVRC2012_val_00005770.JPEG
n01622779,ILSVRC2012_val_00006472.JPEG
n01622779,ILSVRC2012_val_00006916.JPEG
n01622779,ILSVRC2012_val_00008049.JPEG
n01622779,ILSVRC2012_val_00008178.JPEG
n01622779,ILSVRC2012_val_00008209.JPEG
n01622779,ILSVRC2012_val_00009415.JPEG
n01622779,ILSVRC2012_val_00009842.JPEG
n01622779,ILSVRC2012_val_00010022.JPEG
n01622779,ILSVRC2012_val_00010457.JPEG
n01622779,ILSVRC2012_val_00011414.JPEG
n01622779,ILSVRC2012_val_00014982.JPEG
n01622779,ILSVRC2012_val_00015913.JPEG
n01622779,ILSVRC2012_val_00016292.JPEG
n01622779,ILSVRC2012_val_00018062.JPEG
n01622779,ILSVRC2012_val_00018660.JPEG
n01622779,ILSVRC2012_val_00021133.JPEG
n01622779,ILSVRC2012_val_00021335.JPEG
n01622779,ILSVRC2012_val_00022709.JPEG
n01622779,ILSVRC2012_val_00023030.JPEG
n01622779,ILSVRC2012_val_00024052.JPEG
n01622779,ILSVRC2012_val_00025523.JPEG
n01622779,ILSVRC2012_val_00025913.JPEG
n01622779,ILSVRC2012_val_00026579.JPEG
n01622779,ILSVRC2012_val_00027519.JPEG
n01622779,ILSVRC2012_val_00027627.JPEG
n01622779,ILSVRC2012_val_00029497.JPEG
n01622779,ILSVRC2012_val_00031144.JPEG
n01622779,ILSVRC2012_val_00031890.JPEG
n01622779,ILSVRC2012_val_00032875.JPEG
n01622779,ILSVRC2012_val_00033063.JPEG
n01622779,ILSVRC2012_val_00034405.JPEG
n01622779,ILSVRC2012_val_00034593.JPEG
n01622779,ILSVRC2012_val_00035098.JPEG
n01622779,ILSVRC2012_val_00035608.JPEG
n01622779,ILSVRC2012_val_00037606.JPEG
n01622779,ILSVRC2012_val_00040434.JPEG
n01622779,ILSVRC2012_val_00043466.JPEG
n01622779,ILSVRC2012_val_00047963.JPEG
n01622779,ILSVRC2012_val_00048175.JPEG
n01622779,ILSVRC2012_val_00049639.JPEG
n01622779,ILSVRC2012_val_00049990.JPEG
n01641577,ILSVRC2012_val_00001652.JPEG
n01641577,ILSVRC2012_val_00003748.JPEG
n01641577,ILSVRC2012_val_00004613.JPEG
n01641577,ILSVRC2012_val_00004945.JPEG
n01641577,ILSVRC2012_val_00005045.JPEG
n01641577,ILSVRC2012_val_00006409.JPEG
n01641577,ILSVRC2012_val_00009563.JPEG
n01641577,ILSVRC2012_val_00010287.JPEG
n01641577,ILSVRC2012_val_00011664.JPEG
n01641577,ILSVRC2012_val_00012151.JPEG
n01641577,ILSVRC2012_val_00012558.JPEG
n01641577,ILSVRC2012_val_00013974.JPEG
n01641577,ILSVRC2012_val_00014227.JPEG
n01641577,ILSVRC2012_val_00014735.JPEG
n01641577,ILSVRC2012_val_00016782.JPEG
n01641577,ILSVRC2012_val_00017669.JPEG
n01641577,ILSVRC2012_val_00018160.JPEG
n01641577,ILSVRC2012_val_00018339.JPEG
n01641577,ILSVRC2012_val_00018481.JPEG
n01641577,ILSVRC2012_val_00018512.JPEG
n01641577,ILSVRC2012_val_00018754.JPEG
n01641577,ILSVRC2012_val_00019578.JPEG
n01641577,ILSVRC2012_val_00020916.JPEG
n01641577,ILSVRC2012_val_00021611.JPEG
n01641577,ILSVRC2012_val_00022052.JPEG
n01641577,ILSVRC2012_val_00023308.JPEG
n01641577,ILSVRC2012_val_00024938.JPEG
n01641577,ILSVRC2012_val_00025633.JPEG
n01641577,ILSVRC2012_val_00026059.JPEG
n01641577,ILSVRC2012_val_00026213.JPEG
n01641577,ILSVRC2012_val_00027869.JPEG
n01641577,ILSVRC2012_val_00028041.JPEG
n01641577,ILSVRC2012_val_00028113.JPEG
n01641577,ILSVRC2012_val_00028352.JPEG
n01641577,ILSVRC2012_val_00029727.JPEG
n01641577,ILSVRC2012_val_00030342.JPEG
n01641577,ILSVRC2012_val_00032061.JPEG
n01641577,ILSVRC2012_val_00032916.JPEG
n01641577,ILSVRC2012_val_00033863.JPEG
n01641577,ILSVRC2012_val_00033960.JPEG
n01641577,ILSVRC2012_val_00034226.JPEG
n01641577,ILSVRC2012_val_00034383.JPEG
n01641577,ILSVRC2012_val_00035535.JPEG
n01641577,ILSVRC2012_val_00036102.JPEG
n01641577,ILSVRC2012_val_00043312.JPEG
n01641577,ILSVRC2012_val_00043951.JPEG
n01641577,ILSVRC2012_val_00046427.JPEG
n01641577,ILSVRC2012_val_00047498.JPEG
n01641577,ILSVRC2012_val_00049119.JPEG
n01641577,ILSVRC2012_val_00049637.JPEG
n01667778,ILSVRC2012_val_00002832.JPEG
n01667778,ILSVRC2012_val_00005799.JPEG
n01667778,ILSVRC2012_val_00006634.JPEG
n01667778,ILSVRC2012_val_00008327.JPEG
n01667778,ILSVRC2012_val_00008333.JPEG
n01667778,ILSVRC2012_val_00008902.JPEG
n01667778,ILSVRC2012_val_00008921.JPEG
n01667778,ILSVRC2012_val_00009484.JPEG
n01667778,ILSVRC2012_val_00009508.JPEG
n01667778,ILSVRC2012_val_00009819.JPEG
n01667778,ILSVRC2012_val_00010792.JPEG
n01667778,ILSVRC2012_val_00010915.JPEG
n01667778,ILSVRC2012_val_00011150.JPEG
n01667778,ILSVRC2012_val_00011766.JPEG
n01667778,ILSVRC2012_val_00013301.JPEG
n01667778,ILSVRC2012_val_00013675.JPEG
n01667778,ILSVRC2012_val_00013738.JPEG
n01667778,ILSVRC2012_val_00014106.JPEG
n01667778,ILSVRC2012_val_00015193.JPEG
n01667778,ILSVRC2012_val_00015475.JPEG
n01667778,ILSVRC2012_val_00017243.JPEG
n01667778,ILSVRC2012_val_00021291.JPEG
n01667778,ILSVRC2012_val_00021982.JPEG
n01667778,ILSVRC2012_val_00022198.JPEG
n01667778,ILSVRC2012_val_00022350.JPEG
n01667778,ILSVRC2012_val_00024736.JPEG
n01667778,ILSVRC2012_val_00025611.JPEG
n01667778,ILSVRC2012_val_00027859.JPEG
n01667778,ILSVRC2012_val_00028599.JPEG
n01667778,ILSVRC2012_val_00029806.JPEG
n01667778,ILSVRC2012_val_00031674.JPEG
n01667778,ILSVRC2012_val_00031774.JPEG
n01667778,ILSVRC2012_val_00031793.JPEG
n01667778,ILSVRC2012_val_00031815.JPEG
n01667778,ILSVRC2012_val_00032135.JPEG
n01667778,ILSVRC2012_val_00032405.JPEG
n01667778,ILSVRC2012_val_00032805.JPEG
n01667778,ILSVRC2012_val_00034728.JPEG
n01667778,ILSVRC2012_val_00034770.JPEG
n01667778,ILSVRC2012_val_00037154.JPEG
n01667778,ILSVRC2012_val_00038628.JPEG
n01667778,ILSVRC2012_val_00039024.JPEG
n01667778,ILSVRC2012_val_00040231.JPEG
n01667778,ILSVRC2012_val_00040301.JPEG
n01667778,ILSVRC2012_val_00040314.JPEG
n01667778,ILSVRC2012_val_00040776.JPEG
n01667778,ILSVRC2012_val_00040787.JPEG
n01667778,ILSVRC2012_val_00042023.JPEG
n01667778,ILSVRC2012_val_00042664.JPEG
n01667778,ILSVRC2012_val_00046149.JPEG
n01687978,ILSVRC2012_val_00003821.JPEG
n01687978,ILSVRC2012_val_00005031.JPEG
n01687978,ILSVRC2012_val_00005781.JPEG
n01687978,ILSVRC2012_val_00006859.JPEG
n01687978,ILSVRC2012_val_00007035.JPEG
n01687978,ILSVRC2012_val_00011158.JPEG
n01687978,ILSVRC2012_val_00011448.JPEG
n01687978,ILSVRC2012_val_00011541.JPEG
n01687978,ILSVRC2012_val_00012120.JPEG
n01687978,ILSVRC2012_val_00012365.JPEG
n01687978,ILSVRC2012_val_00012553.JPEG
n01687978,ILSVRC2012_val_00012949.JPEG
n01687978,ILSVRC2012_val_00013870.JPEG
n01687978,ILSVRC2012_val_00014902.JPEG
n01687978,ILSVRC2012_val_00016308.JPEG
n01687978,ILSVRC2012_val_00016637.JPEG
n01687978,ILSVRC2012_val_00016858.JPEG
n01687978,ILSVRC2012_val_00017561.JPEG
n01687978,ILSVRC2012_val_00018305.JPEG
n01687978,ILSVRC2012_val_00018675.JPEG
n01687978,ILSVRC2012_val_00020538.JPEG
n01687978,ILSVRC2012_val_00021582.JPEG
n01687978,ILSVRC2012_val_00022247.JPEG
n01687978,ILSVRC2012_val_00026948.JPEG
n01687978,ILSVRC2012_val_00028397.JPEG
n01687978,ILSVRC2012_val_00029055.JPEG
n01687978,ILSVRC2012_val_00029859.JPEG
n01687978,ILSVRC2012_val_00029880.JPEG
n01687978,ILSVRC2012_val_00030918.JPEG
n01687978,ILSVRC2012_val_00033218.JPEG
n01687978,ILSVRC2012_val_00033596.JPEG
n01687978,ILSVRC2012_val_00034122.JPEG
n01687978,ILSVRC2012_val_00035717.JPEG
n01687978,ILSVRC2012_val_00037200.JPEG
n01687978,ILSVRC2012_val_00037510.JPEG
n01687978,ILSVRC2012_val_00037655.JPEG
n01687978,ILSVRC2012_val_00038998.JPEG
n01687978,ILSVRC2012_val_00040115.JPEG
n01687978,ILSVRC2012_val_00040444.JPEG
n01687978,ILSVRC2012_val_00041169.JPEG
n01687978,ILSVRC2012_val_00041253.JPEG
n01687978,ILSVRC2012_val_00041541.JPEG
n01687978,ILSVRC2012_val_00041710.JPEG
n01687978,ILSVRC2012_val_00042029.JPEG
n01687978,ILSVRC2012_val_00044934.JPEG
n01687978,ILSVRC2012_val_00045976.JPEG
n01687978,ILSVRC2012_val_00046258.JPEG
n01687978,ILSVRC2012_val_00046277.JPEG
n01687978,ILSVRC2012_val_00047354.JPEG
n01687978,ILSVRC2012_val_00049072.JPEG
n01735189,ILSVRC2012_val_00000006.JPEG
n01735189,ILSVRC2012_val_00000806.JPEG
n01735189,ILSVRC2012_val_00001309.JPEG
n01735189,ILSVRC2012_val_00002452.JPEG
n01735189,ILSVRC2012_val_00002679.JPEG
n01735189,ILSVRC2012_val_00003155.JPEG
n01735189,ILSVRC2012_val_00003286.JPEG
n01735189,ILSVRC2012_val_00003644.JPEG
n01735189,ILSVRC2012_val_00006105.JPEG
n01735189,ILSVRC2012_val_00006699.JPEG
n01735189,ILSVRC2012_val_00008072.JPEG
n01735189,ILSVRC2012_val_00008130.JPEG
n01735189,ILSVRC2012_val_00009169.JPEG
n01735189,ILSVRC2012_val_00009492.JPEG
n01735189,ILSVRC2012_val_00010140.JPEG
n01735189,ILSVRC2012_val_00010275.JPEG
n01735189,ILSVRC2012_val_00011210.JPEG
n01735189,ILSVRC2012_val_00012433.JPEG
n01735189,ILSVRC2012_val_00014330.JPEG
n01735189,ILSVRC2012_val_00015823.JPEG
n01735189,ILSVRC2012_val_00016144.JPEG
n01735189,ILSVRC2012_val_00018284.JPEG
n01735189,ILSVRC2012_val_00019982.JPEG
n01735189,ILSVRC2012_val_00021496.JPEG
n01735189,ILSVRC2012_val_00023442.JPEG
n01735189,ILSVRC2012_val_00023657.JPEG
n01735189,ILSVRC2012_val_00026122.JPEG
n01735189,ILSVRC2012_val_00029552.JPEG
n01735189,ILSVRC2012_val_00029712.JPEG
n01735189,ILSVRC2012_val_00029744.JPEG
n01735189,ILSVRC2012_val_00032161.JPEG
n01735189,ILSVRC2012_val_00032997.JPEG
n01735189,ILSVRC2012_val_00034054.JPEG
n01735189,ILSVRC2012_val_00034251.JPEG
n01735189,ILSVRC2012_val_00034443.JPEG
n01735189,ILSVRC2012_val_00034587.JPEG
n01735189,ILSVRC2012_val_00034915.JPEG
n01735189,ILSVRC2012_val_00035429.JPEG
n01735189,ILSVRC2012_val_00037764.JPEG
n01735189,ILSVRC2012_val_00039522.JPEG
n01735189,ILSVRC2012_val_00041348.JPEG
n01735189,ILSVRC2012_val_00041743.JPEG
n01735189,ILSVRC2012_val_00042134.JPEG
n01735189,ILSVRC2012_val_00043639.JPEG
n01735189,ILSVRC2012_val_00044086.JPEG
n01735189,ILSVRC2012_val_00044922.JPEG
n01735189,ILSVRC2012_val_00045256.JPEG
n01735189,ILSVRC2012_val_00045481.JPEG
n01735189,ILSVRC2012_val_00046211.JPEG
n01735189,ILSVRC2012_val_00046440.JPEG
n01737021,ILSVRC2012_val_00000084.JPEG
n01737021,ILSVRC2012_val_00002725.JPEG
n01737021,ILSVRC2012_val_00002836.JPEG
n01737021,ILSVRC2012_val_00003268.JPEG
n01737021,ILSVRC2012_val_00004040.JPEG
n01737021,ILSVRC2012_val_00004143.JPEG
n01737021,ILSVRC2012_val_00004182.JPEG
n01737021,ILSVRC2012_val_00004689.JPEG
n01737021,ILSVRC2012_val_00006011.JPEG
n01737021,ILSVRC2012_val_00009042.JPEG
n01737021,ILSVRC2012_val_00010522.JPEG
n01737021,ILSVRC2012_val_00010870.JPEG
n01737021,ILSVRC2012_val_00011483.JPEG
n01737021,ILSVRC2012_val_00013820.JPEG
n01737021,ILSVRC2012_val_00015666.JPEG
n01737021,ILSVRC2012_val_00018334.JPEG
n01737021,ILSVRC2012_val_00021332.JPEG
n01737021,ILSVRC2012_val_00023572.JPEG
n01737021,ILSVRC2012_val_00024682.JPEG
n01737021,ILSVRC2012_val_00025026.JPEG
n01737021,ILSVRC2012_val_00025190.JPEG
n01737021,ILSVRC2012_val_00025472.JPEG
n01737021,ILSVRC2012_val_00027228.JPEG
n01737021,ILSVRC2012_val_00027598.JPEG
n01737021,ILSVRC2012_val_00028076.JPEG
n01737021,ILSVRC2012_val_00028763.JPEG
n01737021,ILSVRC2012_val_00028861.JPEG
n01737021,ILSVRC2012_val_00031775.JPEG
n01737021,ILSVRC2012_val_00031779.JPEG
n01737021,ILSVRC2012_val_00033684.JPEG
n01737021,ILSVRC2012_val_00034970.JPEG
n01737021,ILSVRC2012_val_00035379.JPEG
n01737021,ILSVRC2012_val_00036116.JPEG
n01737021,ILSVRC2012_val_00036587.JPEG
n01737021,ILSVRC2012_val_00037800.JPEG
n01737021,ILSVRC2012_val_00038046.JPEG
n01737021,ILSVRC2012_val_00038270.JPEG
n01737021,ILSVRC2012_val_00040447.JPEG
n01737021,ILSVRC2012_val_00041829.JPEG
n01737021,ILSVRC2012_val_00042105.JPEG
n01737021,ILSVRC2012_val_00043245.JPEG
n01737021,ILSVRC2012_val_00043805.JPEG
n01737021,ILSVRC2012_val_00044544.JPEG
n01737021,ILSVRC2012_val_00045619.JPEG
n01737021,ILSVRC2012_val_00045831.JPEG
n01737021,ILSVRC2012_val_00046131.JPEG
n01737021,ILSVRC2012_val_00046699.JPEG
n01737021,ILSVRC2012_val_00046709.JPEG
n01737021,ILSVRC2012_val_00047243.JPEG
n01737021,ILSVRC2012_val_00049609.JPEG
n01797886,ILSVRC2012_val_00002539.JPEG
n01797886,ILSVRC2012_val_00005315.JPEG
n01797886,ILSVRC2012_val_00005328.JPEG
n01797886,ILSVRC2012_val_00005675.JPEG
n01797886,ILSVRC2012_val_00006024.JPEG
n01797886,ILSVRC2012_val_00007986.JPEG
n01797886,ILSVRC2012_val_00009565.JPEG
n01797886,ILSVRC2012_val_00009679.JPEG
n01797886,ILSVRC2012_val_00011822.JPEG
n01797886,ILSVRC2012_val_00012669.JPEG
n01797886,ILSVRC2012_val_00017454.JPEG
n01797886,ILSVRC2012_val_00018626.JPEG
n01797886,ILSVRC2012_val_00019885.JPEG
n01797886,ILSVRC2012_val_00021417.JPEG
n01797886,ILSVRC2012_val_00021625.JPEG
n01797886,ILSVRC2012_val_00021954.JPEG
n01797886,ILSVRC2012_val_00022110.JPEG
n01797886,ILSVRC2012_val_00022115.JPEG
n01797886,ILSVRC2012_val_00022334.JPEG
n01797886,ILSVRC2012_val_00022992.JPEG
n01797886,ILSVRC2012_val_00023338.JPEG
n01797886,ILSVRC2012_val_00025200.JPEG
n01797886,ILSVRC2012_val_00026375.JPEG
n01797886,ILSVRC2012_val_00026924.JPEG
n01797886,ILSVRC2012_val_00028119.JPEG
n01797886,ILSVRC2012_val_00028604.JPEG
n01797886,ILSVRC2012_val_00030036.JPEG
n01797886,ILSVRC2012_val_00030891.JPEG
n01797886,ILSVRC2012_val_00031380.JPEG
n01797886,ILSVRC2012_val_00033167.JPEG
n01797886,ILSVRC2012_val_00033393.JPEG
n01797886,ILSVRC2012_val_00033503.JPEG
n01797886,ILSVRC2012_val_00035521.JPEG
n01797886,ILSVRC2012_val_00036227.JPEG
n01797886,ILSVRC2012_val_00036573.JPEG
n01797886,ILSVRC2012_val_00036713.JPEG
n01797886,ILSVRC2012_val_00037408.JPEG
n01797886,ILSVRC2012_val_00039021.JPEG
n01797886,ILSVRC2012_val_00039964.JPEG
n01797886,ILSVRC2012_val_00040000.JPEG
n01797886,ILSVRC2012_val_00040334.JPEG
n01797886,ILSVRC2012_val_00040357.JPEG
n01797886,ILSVRC2012_val_00041329.JPEG
n01797886,ILSVRC2012_val_00041375.JPEG
n01797886,ILSVRC2012_val_00041909.JPEG
n01797886,ILSVRC2012_val_00042038.JPEG
n01797886,ILSVRC2012_val_00043241.JPEG
n01797886,ILSVRC2012_val_00043258.JPEG
n01797886,ILSVRC2012_val_00047230.JPEG
n01797886,ILSVRC2012_val_00049595.JPEG
n01806567,ILSVRC2012_val_00003015.JPEG
n01806567,ILSVRC2012_val_00003833.JPEG
n01806567,ILSVRC2012_val_00007630.JPEG
n01806567,ILSVRC2012_val_00009852.JPEG
n01806567,ILSVRC2012_val_00010714.JPEG
n01806567,ILSVRC2012_val_00012223.JPEG
n01806567,ILSVRC2012_val_00013229.JPEG
n01806567,ILSVRC2012_val_00013364.JPEG
n01806567,ILSVRC2012_val_00015987.JPEG
n01806567,ILSVRC2012_val_00016421.JPEG
n01806567,ILSVRC2012_val_00016887.JPEG
n01806567,ILSVRC2012_val_00017767.JPEG
n01806567,ILSVRC2012_val_00018134.JPEG
n01806567,ILSVRC2012_val_00018248.JPEG
n01806567,ILSVRC2012_val_00018648.JPEG
n01806567,ILSVRC2012_val_00022619.JPEG
n01806567,ILSVRC2012_val_00024172.JPEG
n01806567,ILSVRC2012_val_00026021.JPEG
n01806567,ILSVRC2012_val_00026481.JPEG
n01806567,ILSVRC2012_val_00028414.JPEG
n01806567,ILSVRC2012_val_00028529.JPEG
n01806567,ILSVRC2012_val_00028765.JPEG
n01806567,ILSVRC2012_val_00029972.JPEG
n01806567,ILSVRC2012_val_00031776.JPEG
n01806567,ILSVRC2012_val_00032344.JPEG
n01806567,ILSVRC2012_val_00033162.JPEG
n01806567,ILSVRC2012_val_00034330.JPEG
n01806567,ILSVRC2012_val_00034349.JPEG
n01806567,ILSVRC2012_val_00035250.JPEG
n01806567,ILSVRC2012_val_00035426.JPEG
n01806567,ILSVRC2012_val_00035625.JPEG
n01806567,ILSVRC2012_val_00035938.JPEG
n01806567,ILSVRC2012_val_00035989.JPEG
n01806567,ILSVRC2012_val_00036845.JPEG
n01806567,ILSVRC2012_val_00036874.JPEG
n01806567,ILSVRC2012_val_00037852.JPEG
n01806567,ILSVRC2012_val_00038736.JPEG
n01806567,ILSVRC2012_val_00039883.JPEG
n01806567,ILSVRC2012_val_00040002.JPEG
n01806567,ILSVRC2012_val_00040056.JPEG
n01806567,ILSVRC2012_val_00040803.JPEG
n01806567,ILSVRC2012_val_00041960.JPEG
n01806567,ILSVRC2012_val_00043158.JPEG
n01806567,ILSVRC2012_val_00043462.JPEG
n01806567,ILSVRC2012_val_00043633.JPEG
n01806567,ILSVRC2012_val_00043990.JPEG
n01806567,ILSVRC2012_val_00045234.JPEG
n01806567,ILSVRC2012_val_00046089.JPEG
n01806567,ILSVRC2012_val_00047472.JPEG
n01806567,ILSVRC2012_val_00048907.JPEG
n01873310,ILSVRC2012_val_00000189.JPEG
n01873310,ILSVRC2012_val_00000940.JPEG
n01873310,ILSVRC2012_val_00004678.JPEG
n01873310,ILSVRC2012_val_00005301.JPEG
n01873310,ILSVRC2012_val_00006520.JPEG
n01873310,ILSVRC2012_val_00006797.JPEG
n01873310,ILSVRC2012_val_00006884.JPEG
n01873310,ILSVRC2012_val_00006999.JPEG
n01873310,ILSVRC2012_val_00007800.JPEG
n01873310,ILSVRC2012_val_00008588.JPEG
n01873310,ILSVRC2012_val_00008907.JPEG
n01873310,ILSVRC2012_val_00009671.JPEG
n01873310,ILSVRC2012_val_00011130.JPEG
n01873310,ILSVRC2012_val_00011213.JPEG
n01873310,ILSVRC2012_val_00011598.JPEG
n01873310,ILSVRC2012_val_00012431.JPEG
n01873310,ILSVRC2012_val_00013182.JPEG
n01873310,ILSVRC2012_val_00013689.JPEG
n01873310,ILSVRC2012_val_00015299.JPEG
n01873310,ILSVRC2012_val_00016096.JPEG
n01873310,ILSVRC2012_val_00016323.JPEG
n01873310,ILSVRC2012_val_00016425.JPEG
n01873310,ILSVRC2012_val_00018571.JPEG
n01873310,ILSVRC2012_val_00019085.JPEG
n01873310,ILSVRC2012_val_00019284.JPEG
n01873310,ILSVRC2012_val_00021279.JPEG
n01873310,ILSVRC2012_val_00022278.JPEG
n01873310,ILSVRC2012_val_00022372.JPEG
n01873310,ILSVRC2012_val_00022384.JPEG
n01873310,ILSVRC2012_val_00023078.JPEG
n01873310,ILSVRC2012_val_00023182.JPEG
n01873310,ILSVRC2012_val_00024688.JPEG
n01873310,ILSVRC2012_val_00024992.JPEG
n01873310,ILSVRC2012_val_00027067.JPEG
n01873310,ILSVRC2012_val_00028153.JPEG
n01873310,ILSVRC2012_val_00028260.JPEG
n01873310,ILSVRC2012_val_00029318.JPEG
n01873310,ILSVRC2012_val_00029743.JPEG
n01873310,ILSVRC2012_val_00035112.JPEG
n01873310,ILSVRC2012_val_00036442.JPEG
n01873310,ILSVRC2012_val_00038330.JPEG
n01873310,ILSVRC2012_val_00041141.JPEG
n01873310,ILSVRC2012_val_00041827.JPEG
n01873310,ILSVRC2012_val_00042336.JPEG
n01873310,ILSVRC2012_val_00042448.JPEG
n01873310,ILSVRC2012_val_00044256.JPEG
n01873310,ILSVRC2012_val_00046962.JPEG
n01873310,ILSVRC2012_val_00047406.JPEG
n01873310,ILSVRC2012_val_00048752.JPEG
n01873310,ILSVRC2012_val_00049761.JPEG
n01917289,ILSVRC2012_val_00000011.JPEG
n01917289,ILSVRC2012_val_00000371.JPEG
n01917289,ILSVRC2012_val_00001057.JPEG
n01917289,ILSVRC2012_val_00003392.JPEG
n01917289,ILSVRC2012_val_00007027.JPEG
n01917289,ILSVRC2012_val_00007309.JPEG
n01917289,ILSVRC2012_val_00007329.JPEG
n01917289,ILSVRC2012_val_00007345.JPEG
n01917289,ILSVRC2012_val_00007661.JPEG
n01917289,ILSVRC2012_val_00008087.JPEG
n01917289,ILSVRC2012_val_00008692.JPEG
n01917289,ILSVRC2012_val_00013079.JPEG
n01917289,ILSVRC2012_val_00014410.JPEG
n01917289,ILSVRC2012_val_00016569.JPEG
n01917289,ILSVRC2012_val_00016646.JPEG
n01917289,ILSVRC2012_val_00016836.JPEG
n01917289,ILSVRC2012_val_00017794.JPEG
n01917289,ILSVRC2012_val_00018135.JPEG
n01917289,ILSVRC2012_val_00018203.JPEG
n01917289,ILSVRC2012_val_00018292.JPEG
n01917289,ILSVRC2012_val_00019987.JPEG
n01917289,ILSVRC2012_val_00021843.JPEG
n01917289,ILSVRC2012_val_00022239.JPEG
n01917289,ILSVRC2012_val_00022983.JPEG
n01917289,ILSVRC2012_val_00026144.JPEG
n01917289,ILSVRC2012_val_00026983.JPEG
n01917289,ILSVRC2012_val_00032351.JPEG
n01917289,ILSVRC2012_val_00032621.JPEG
n01917289,ILSVRC2012_val_00033373.JPEG
n01917289,ILSVRC2012_val_00033440.JPEG
n01917289,ILSVRC2012_val_00035853.JPEG
n01917289,ILSVRC2012_val_00037359.JPEG
n01917289,ILSVRC2012_val_00037660.JPEG
n01917289,ILSVRC2012_val_00037786.JPEG
n01917289,ILSVRC2012_val_00039043.JPEG
n01917289,ILSVRC2012_val_00040668.JPEG
n01917289,ILSVRC2012_val_00041690.JPEG
n01917289,ILSVRC2012_val_00041921.JPEG
n01917289,ILSVRC2012_val_00044533.JPEG
n01917289,ILSVRC2012_val_00045124.JPEG
n01917289,ILSVRC2012_val_00045202.JPEG
n01917289,ILSVRC2012_val_00045307.JPEG
n01917289,ILSVRC2012_val_00046097.JPEG
n01917289,ILSVRC2012_val_00046113.JPEG
n01917289,ILSVRC2012_val_00046765.JPEG
n01917289,ILSVRC2012_val_00047014.JPEG
n01917289,ILSVRC2012_val_00047927.JPEG
n01917289,ILSVRC2012_val_00049157.JPEG
n01917289,ILSVRC2012_val_00049461.JPEG
n01917289,ILSVRC2012_val_00049679.JPEG
n01968897,ILSVRC2012_val_00001356.JPEG
n01968897,ILSVRC2012_val_00002628.JPEG
n01968897,ILSVRC2012_val_00002715.JPEG
n01968897,ILSVRC2012_val_00002866.JPEG
n01968897,ILSVRC2012_val_00003475.JPEG
n01968897,ILSVRC2012_val_00005945.JPEG
n01968897,ILSVRC2012_val_00006342.JPEG
n01968897,ILSVRC2012_val_00006453.JPEG
n01968897,ILSVRC2012_val_00006645.JPEG
n01968897,ILSVRC2012_val_00007454.JPEG
n01968897,ILSVRC2012_val_00008289.JPEG
n01968897,ILSVRC2012_val_00010214.JPEG
n01968897,ILSVRC2012_val_00011344.JPEG
n01968897,ILSVRC2012_val_00013334.JPEG
n01968897,ILSVRC2012_val_00016495.JPEG
n01968897,ILSVRC2012_val_00018477.JPEG
n01968897,ILSVRC2012_val_00024867.JPEG
n01968897,ILSVRC2012_val_00028933.JPEG
n01968897,ILSVRC2012_val_00029346.JPEG
n01968897,ILSVRC2012_val_00030526.JPEG
n01968897,ILSVRC2012_val_00030968.JPEG
n01968897,ILSVRC2012_val_00031262.JPEG
n01968897,ILSVRC2012_val_00032056.JPEG
n01968897,ILSVRC2012_val_00033183.JPEG
n01968897,ILSVRC2012_val_00033450.JPEG
n01968897,ILSVRC2012_val_00033931.JPEG
n01968897,ILSVRC2012_val_00033974.JPEG
n01968897,ILSVRC2012_val_00034644.JPEG
n01968897,ILSVRC2012_val_00034901.JPEG
n01968897,ILSVRC2012_val_00035619.JPEG
n01968897,ILSVRC2012_val_00035863.JPEG
n01968897,ILSVRC2012_val_00037009.JPEG
n01968897,ILSVRC2012_val_00037579.JPEG
n01968897,ILSVRC2012_val_00037882.JPEG
n01968897,ILSVRC2012_val_00038131.JPEG
n01968897,ILSVRC2012_val_00040448.JPEG
n01968897,ILSVRC2012_val_00040877.JPEG
n01968897,ILSVRC2012_val_00041284.JPEG
n01968897,ILSVRC2012_val_00041316.JPEG
n01968897,ILSVRC2012_val_00041975.JPEG
n01968897,ILSVRC2012_val_00042709.JPEG
n01968897,ILSVRC2012_val_00043170.JPEG
n01968897,ILSVRC2012_val_00043505.JPEG
n01968897,ILSVRC2012_val_00045343.JPEG
n01968897,ILSVRC2012_val_00045512.JPEG
n01968897,ILSVRC2012_val_00045890.JPEG
n01968897,ILSVRC2012_val_00047024.JPEG
n01968897,ILSVRC2012_val_00047293.JPEG
n01968897,ILSVRC2012_val_00048614.JPEG
n01968897,ILSVRC2012_val_00049763.JPEG
n01986214,ILSVRC2012_val_00000231.JPEG
n01986214,ILSVRC2012_val_00000245.JPEG
n01986214,ILSVRC2012_val_00003257.JPEG
n01986214,ILSVRC2012_val_00003357.JPEG
n01986214,ILSVRC2012_val_00003636.JPEG
n01986214,ILSVRC2012_val_00003859.JPEG
n01986214,ILSVRC2012_val_00004444.JPEG
n01986214,ILSVRC2012_val_00005125.JPEG
n01986214,ILSVRC2012_val_00005268.JPEG
n01986214,ILSVRC2012_val_00005582.JPEG
n01986214,ILSVRC2012_val_00006591.JPEG
n01986214,ILSVRC2012_val_00007757.JPEG
n01986214,ILSVRC2012_val_00009485.JPEG
n01986214,ILSVRC2012_val_00010039.JPEG
n01986214,ILSVRC2012_val_00012143.JPEG
n01986214,ILSVRC2012_val_00014751.JPEG
n01986214,ILSVRC2012_val_00014759.JPEG
n01986214,ILSVRC2012_val_00016568.JPEG
n01986214,ILSVRC2012_val_00017555.JPEG
n01986214,ILSVRC2012_val_00019512.JPEG
n01986214,ILSVRC2012_val_00020664.JPEG
n01986214,ILSVRC2012_val_00020968.JPEG
n01986214,ILSVRC2012_val_00021819.JPEG
n01986214,ILSVRC2012_val_00023951.JPEG
n01986214,ILSVRC2012_val_00024894.JPEG
n01986214,ILSVRC2012_val_00025381.JPEG
n01986214,ILSVRC2012_val_00025585.JPEG
n01986214,ILSVRC2012_val_00026326.JPEG
n01986214,ILSVRC2012_val_00027404.JPEG
n01986214,ILSVRC2012_val_00028653.JPEG
n01986214,ILSVRC2012_val_00029243.JPEG
n01986214,ILSVRC2012_val_00031408.JPEG
n01986214,ILSVRC2012_val_00031943.JPEG
n01986214,ILSVRC2012_val_00031992.JPEG
n01986214,ILSVRC2012_val_00032372.JPEG
n01986214,ILSVRC2012_val_00033105.JPEG
n01986214,ILSVRC2012_val_00033379.JPEG
n01986214,ILSVRC2012_val_00033876.JPEG
n01986214,ILSVRC2012_val_00034774.JPEG
n01986214,ILSVRC2012_val_00036320.JPEG
n01986214,ILSVRC2012_val_00037144.JPEG
n01986214,ILSVRC2012_val_00037765.JPEG
n01986214,ILSVRC2012_val_00039682.JPEG
n01986214,ILSVRC2012_val_00040059.JPEG
n01986214,ILSVRC2012_val_00040913.JPEG
n01986214,ILSVRC2012_val_00041366.JPEG
n01986214,ILSVRC2012_val_00045463.JPEG
n01986214,ILSVRC2012_val_00046344.JPEG
n01986214,ILSVRC2012_val_00046606.JPEG
n01986214,ILSVRC2012_val_00049221.JPEG
n02009229,ILSVRC2012_val_00000794.JPEG
n02009229,ILSVRC2012_val_00002003.JPEG
n02009229,ILSVRC2012_val_00003659.JPEG
n02009229,ILSVRC2012_val_00006107.JPEG
n02009229,ILSVRC2012_val_00007043.JPEG
n02009229,ILSVRC2012_val_00008364.JPEG
n02009229,ILSVRC2012_val_00009501.JPEG
n02009229,ILSVRC2012_val_00009731.JPEG
n02009229,ILSVRC2012_val_00010673.JPEG
n02009229,ILSVRC2012_val_00016684.JPEG
n02009229,ILSVRC2012_val_00018197.JPEG
n02009229,ILSVRC2012_val_00018939.JPEG
n02009229,ILSVRC2012_val_00019633.JPEG
n02009229,ILSVRC2012_val_00020194.JPEG
n02009229,ILSVRC2012_val_00020582.JPEG
n02009229,ILSVRC2012_val_00022954.JPEG
n02009229,ILSVRC2012_val_00025183.JPEG
n02009229,ILSVRC2012_val_00025421.JPEG
n02009229,ILSVRC2012_val_00025744.JPEG
n02009229,ILSVRC2012_val_00026039.JPEG
n02009229,ILSVRC2012_val_00026327.JPEG
n02009229,ILSVRC2012_val_00026416.JPEG
n02009229,ILSVRC2012_val_00027355.JPEG
n02009229,ILSVRC2012_val_00030263.JPEG
n02009229,ILSVRC2012_val_00030722.JPEG
n02009229,ILSVRC2012_val_00030843.JPEG
n02009229,ILSVRC2012_val_00030940.JPEG
n02009229,ILSVRC2012_val_00031946.JPEG
n02009229,ILSVRC2012_val_00033760.JPEG
n02009229,ILSVRC2012_val_00034068.JPEG
n02009229,ILSVRC2012_val_00034358.JPEG
n02009229,ILSVRC2012_val_00034578.JPEG
n02009229,ILSVRC2012_val_00034814.JPEG
n02009229,ILSVRC2012_val_00034942.JPEG
n02009229,ILSVRC2012_val_00038576.JPEG
n02009229,ILSVRC2012_val_00038730.JPEG
n02009229,ILSVRC2012_val_00040310.JPEG
n02009229,ILSVRC2012_val_00041126.JPEG
n02009229,ILSVRC2012_val_00041442.JPEG
n02009229,ILSVRC2012_val_00041564.JPEG
n02009229,ILSVRC2012_val_00041797.JPEG
n02009229,ILSVRC2012_val_00042026.JPEG
n02009229,ILSVRC2012_val_00044726.JPEG
n02009229,ILSVRC2012_val_00045819.JPEG
n02009229,ILSVRC2012_val_00047156.JPEG
n02009229,ILSVRC2012_val_00047578.JPEG
n02009229,ILSVRC2012_val_00048814.JPEG
n02009229,ILSVRC2012_val_00049224.JPEG
n02009229,ILSVRC2012_val_00049444.JPEG
n02009229,ILSVRC2012_val_00049488.JPEG
n02077923,ILSVRC2012_val_00000033.JPEG
n02077923,ILSVRC2012_val_00001472.JPEG
n02077923,ILSVRC2012_val_00002504.JPEG
n02077923,ILSVRC2012_val_00003149.JPEG
n02077923,ILSVRC2012_val_00003335.JPEG
n02077923,ILSVRC2012_val_00003574.JPEG
n02077923,ILSVRC2012_val_00004302.JPEG
n02077923,ILSVRC2012_val_00005360.JPEG
n02077923,ILSVRC2012_val_00007193.JPEG
n02077923,ILSVRC2012_val_00011255.JPEG
n02077923,ILSVRC2012_val_00012176.JPEG
n02077923,ILSVRC2012_val_00012330.JPEG
n02077923,ILSVRC2012_val_00013004.JPEG
n02077923,ILSVRC2012_val_00013809.JPEG
n02077923,ILSVRC2012_val_00015925.JPEG
n02077923,ILSVRC2012_val_00017786.JPEG
n02077923,ILSVRC2012_val_00020975.JPEG
n02077923,ILSVRC2012_val_00021764.JPEG
n02077923,ILSVRC2012_val_00022358.JPEG
n02077923,ILSVRC2012_val_00022732.JPEG
n02077923,ILSVRC2012_val_00023070.JPEG
n02077923,ILSVRC2012_val_00023081.JPEG
n02077923,ILSVRC2012_val_00025926.JPEG
n02077923,ILSVRC2012_val_00026125.JPEG
n02077923,ILSVRC2012_val_00026339.JPEG
n02077923,ILSVRC2012_val_00026593.JPEG
n02077923,ILSVRC2012_val_00027024.JPEG
n02077923,ILSVRC2012_val_00027457.JPEG
n02077923,ILSVRC2012_val_00027866.JPEG
n02077923,ILSVRC2012_val_00029409.JPEG
n02077923,ILSVRC2012_val_00029634.JPEG
n02077923,ILSVRC2012_val_00030365.JPEG
n02077923,ILSVRC2012_val_00030675.JPEG
n02077923,ILSVRC2012_val_00032166.JPEG
n02077923,ILSVRC2012_val_00032540.JPEG
n02077923,ILSVRC2012_val_00032816.JPEG
n02077923,ILSVRC2012_val_00033000.JPEG
n02077923,ILSVRC2012_val_00038217.JPEG
n02077923,ILSVRC2012_val_00038371.JPEG
n02077923,ILSVRC2012_val_00038726.JPEG
n02077923,ILSVRC2012_val_00039641.JPEG
n02077923,ILSVRC2012_val_00041773.JPEG
n02077923,ILSVRC2012_val_00043231.JPEG
n02077923,ILSVRC2012_val_00043549.JPEG
n02077923,ILSVRC2012_val_00044328.JPEG
n02077923,ILSVRC2012_val_00045435.JPEG
n02077923,ILSVRC2012_val_00046758.JPEG
n02077923,ILSVRC2012_val_00046767.JPEG
n02077923,ILSVRC2012_val_00047983.JPEG
n02077923,ILSVRC2012_val_00048240.JPEG
n02085620,ILSVRC2012_val_00001049.JPEG
n02085620,ILSVRC2012_val_00002917.JPEG
n02085620,ILSVRC2012_val_00002921.JPEG
n02085620,ILSVRC2012_val_00006079.JPEG
n02085620,ILSVRC2012_val_00006892.JPEG
n02085620,ILSVRC2012_val_00011555.JPEG
n02085620,ILSVRC2012_val_00011639.JPEG
n02085620,ILSVRC2012_val_00011728.JPEG
n02085620,ILSVRC2012_val_00011900.JPEG
n02085620,ILSVRC2012_val_00012035.JPEG
n02085620,ILSVRC2012_val_00013195.JPEG
n02085620,ILSVRC2012_val_00014409.JPEG
n02085620,ILSVRC2012_val_00016688.JPEG
n02085620,ILSVRC2012_val_00016757.JPEG
n02085620,ILSVRC2012_val_00017702.JPEG
n02085620,ILSVRC2012_val_00018882.JPEG
n02085620,ILSVRC2012_val_00019402.JPEG
n02085620,ILSVRC2012_val_00020016.JPEG
n02085620,ILSVRC2012_val_00021266.JPEG
n02085620,ILSVRC2012_val_00022609.JPEG
n02085620,ILSVRC2012_val_00023234.JPEG
n02085620,ILSVRC2012_val_00023749.JPEG
n02085620,ILSVRC2012_val_00023886.JPEG
n02085620,ILSVRC2012_val_00024126.JPEG
n02085620,ILSVRC2012_val_00024590.JPEG
n02085620,ILSVRC2012_val_00026910.JPEG
n02085620,ILSVRC2012_val_00027452.JPEG
n02085620,ILSVRC2012_val_00028943.JPEG
n02085620,ILSVRC2012_val_00029289.JPEG
n02085620,ILSVRC2012_val_00029450.JPEG
n02085620,ILSVRC2012_val_00030519.JPEG
n02085620,ILSVRC2012_val_00031154.JPEG
n02085620,ILSVRC2012_val_00031597.JPEG
n02085620,ILSVRC2012_val_00031634.JPEG
n02085620,ILSVRC2012_val_00034782.JPEG
n02085620,ILSVRC2012_val_00036150.JPEG
n02085620,ILSVRC2012_val_00037791.JPEG
n02085620,ILSVRC2012_val_00038157.JPEG
n02085620,ILSVRC2012_val_00039188.JPEG
n02085620,ILSVRC2012_val_00039439.JPEG
n02085620,ILSVRC2012_val_00040731.JPEG
n02085620,ILSVRC2012_val_00040732.JPEG
n02085620,ILSVRC2012_val_00041000.JPEG
n02085620,ILSVRC2012_val_00041205.JPEG
n02085620,ILSVRC2012_val_00041642.JPEG
n02085620,ILSVRC2012_val_00041819.JPEG
n02085620,ILSVRC2012_val_00043872.JPEG
n02085620,ILSVRC2012_val_00045358.JPEG
n02085620,ILSVRC2012_val_00046450.JPEG
n02085620,ILSVRC2012_val_00049159.JPEG
n02086646,ILSVRC2012_val_00000613.JPEG
n02086646,ILSVRC2012_val_00001141.JPEG
n02086646,ILSVRC2012_val_00001164.JPEG
n02086646,ILSVRC2012_val_00001848.JPEG
n02086646,ILSVRC2012_val_00002150.JPEG
n02086646,ILSVRC2012_val_00002288.JPEG
n02086646,ILSVRC2012_val_00002988.JPEG
n02086646,ILSVRC2012_val_00004085.JPEG
n02086646,ILSVRC2012_val_00007090.JPEG
n02086646,ILSVRC2012_val_00008198.JPEG
n02086646,ILSVRC2012_val_00008975.JPEG
n02086646,ILSVRC2012_val_00009439.JPEG
n02086646,ILSVRC2012_val_00010098.JPEG
n02086646,ILSVRC2012_val_00010163.JPEG
n02086646,ILSVRC2012_val_00011473.JPEG
n02086646,ILSVRC2012_val_00012074.JPEG
n02086646,ILSVRC2012_val_00014888.JPEG
n02086646,ILSVRC2012_val_00015810.JPEG
n02086646,ILSVRC2012_val_00016678.JPEG
n02086646,ILSVRC2012_val_00017568.JPEG
n02086646,ILSVRC2012_val_00018584.JPEG
n02086646,ILSVRC2012_val_00018652.JPEG
n02086646,ILSVRC2012_val_00020031.JPEG
n02086646,ILSVRC2012_val_00022264.JPEG
n02086646,ILSVRC2012_val_00022521.JPEG
n02086646,ILSVRC2012_val_00022705.JPEG
n02086646,ILSVRC2012_val_00022868.JPEG
n02086646,ILSVRC2012_val_00025085.JPEG
n02086646,ILSVRC2012_val_00025911.JPEG
n02086646,ILSVRC2012_val_00026199.JPEG
n02086646,ILSVRC2012_val_00026969.JPEG
n02086646,ILSVRC2012_val_00027837.JPEG
n02086646,ILSVRC2012_val_00027937.JPEG
n02086646,ILSVRC2012_val_00028631.JPEG
n02086646,ILSVRC2012_val_00028992.JPEG
n02086646,ILSVRC2012_val_00030518.JPEG
n02086646,ILSVRC2012_val_00030642.JPEG
n02086646,ILSVRC2012_val_00031378.JPEG
n02086646,ILSVRC2012_val_00031547.JPEG
n02086646,ILSVRC2012_val_00032774.JPEG
n02086646,ILSVRC2012_val_00037252.JPEG
n02086646,ILSVRC2012_val_00040713.JPEG
n02086646,ILSVRC2012_val_00041305.JPEG
n02086646,ILSVRC2012_val_00041580.JPEG
n02086646,ILSVRC2012_val_00041848.JPEG
n02086646,ILSVRC2012_val_00045091.JPEG
n02086646,ILSVRC2012_val_00045683.JPEG
n02086646,ILSVRC2012_val_00045711.JPEG
n02086646,ILSVRC2012_val_00046701.JPEG
n02086646,ILSVRC2012_val_00047913.JPEG
n02088238,ILSVRC2012_val_00000838.JPEG
n02088238,ILSVRC2012_val_00000992.JPEG
n02088238,ILSVRC2012_val_00002111.JPEG
n02088238,ILSVRC2012_val_00003922.JPEG
n02088238,ILSVRC2012_val_00004403.JPEG
n02088238,ILSVRC2012_val_00008311.JPEG
n02088238,ILSVRC2012_val_00008552.JPEG
n02088238,ILSVRC2012_val_00011191.JPEG
n02088238,ILSVRC2012_val_00011434.JPEG
n02088238,ILSVRC2012_val_00013260.JPEG
n02088238,ILSVRC2012_val_00014024.JPEG
n02088238,ILSVRC2012_val_00014030.JPEG
n02088238,ILSVRC2012_val_00014234.JPEG
n02088238,ILSVRC2012_val_00014887.JPEG
n02088238,ILSVRC2012_val_00015217.JPEG
n02088238,ILSVRC2012_val_00015405.JPEG
n02088238,ILSVRC2012_val_00017892.JPEG
n02088238,ILSVRC2012_val_00017935.JPEG
n02088238,ILSVRC2012_val_00019581.JPEG
n02088238,ILSVRC2012_val_00020460.JPEG
n02088238,ILSVRC2012_val_00020468.JPEG
n02088238,ILSVRC2012_val_00020535.JPEG
n02088238,ILSVRC2012_val_00020930.JPEG
n02088238,ILSVRC2012_val_00023250.JPEG
n02088238,ILSVRC2012_val_00023939.JPEG
n02088238,ILSVRC2012_val_00023968.JPEG
n02088238,ILSVRC2012_val_00024258.JPEG
n02088238,ILSVRC2012_val_00024881.JPEG
n02088238,ILSVRC2012_val_00025539.JPEG
n02088238,ILSVRC2012_val_00026622.JPEG
n02088238,ILSVRC2012_val_00027114.JPEG
n02088238,ILSVRC2012_val_00027939.JPEG
n02088238,ILSVRC2012_val_00029477.JPEG
n02088238,ILSVRC2012_val_00030429.JPEG
n02088238,ILSVRC2012_val_00033003.JPEG
n02088238,ILSVRC2012_val_00034260.JPEG
n02088238,ILSVRC2012_val_00034571.JPEG
n02088238,ILSVRC2012_val_00035117.JPEG
n02088238,ILSVRC2012_val_00036343.JPEG
n02088238,ILSVRC2012_val_00037804.JPEG
n02088238,ILSVRC2012_val_00039242.JPEG
n02088238,ILSVRC2012_val_00039556.JPEG
n02088238,ILSVRC2012_val_00040131.JPEG
n02088238,ILSVRC2012_val_00040185.JPEG
n02088238,ILSVRC2012_val_00040585.JPEG
n02088238,ILSVRC2012_val_00041894.JPEG
n02088238,ILSVRC2012_val_00046072.JPEG
n02088238,ILSVRC2012_val_00047981.JPEG
n02088238,ILSVRC2012_val_00049819.JPEG
n02088238,ILSVRC2012_val_00049931.JPEG
n02094258,ILSVRC2012_val_00000612.JPEG
n02094258,ILSVRC2012_val_00000875.JPEG
n02094258,ILSVRC2012_val_00000922.JPEG
n02094258,ILSVRC2012_val_00007880.JPEG
n02094258,ILSVRC2012_val_00007906.JPEG
n02094258,ILSVRC2012_val_00008633.JPEG
n02094258,ILSVRC2012_val_00008703.JPEG
n02094258,ILSVRC2012_val_00009009.JPEG
n02094258,ILSVRC2012_val_00009525.JPEG
n02094258,ILSVRC2012_val_00013370.JPEG
n02094258,ILSVRC2012_val_00015967.JPEG
n02094258,ILSVRC2012_val_00016717.JPEG
n02094258,ILSVRC2012_val_00016976.JPEG
n02094258,ILSVRC2012_val_00017817.JPEG
n02094258,ILSVRC2012_val_00018405.JPEG
n02094258,ILSVRC2012_val_00018460.JPEG
n02094258,ILSVRC2012_val_00018809.JPEG
n02094258,ILSVRC2012_val_00019094.JPEG
n02094258,ILSVRC2012_val_00020681.JPEG
n02094258,ILSVRC2012_val_00021445.JPEG
n02094258,ILSVRC2012_val_00021697.JPEG
n02094258,ILSVRC2012_val_00022061.JPEG
n02094258,ILSVRC2012_val_00023458.JPEG
n02094258,ILSVRC2012_val_00023558.JPEG
n02094258,ILSVRC2012_val_00024664.JPEG
n02094258,ILSVRC2012_val_00024731.JPEG
n02094258,ILSVRC2012_val_00025947.JPEG
n02094258,ILSVRC2012_val_00026042.JPEG
n02094258,ILSVRC2012_val_00028506.JPEG
n02094258,ILSVRC2012_val_00030005.JPEG
n02094258,ILSVRC2012_val_00030671.JPEG
n02094258,ILSVRC2012_val_00030694.JPEG
n02094258,ILSVRC2012_val_00030822.JPEG
n02094258,ILSVRC2012_val_00031377.JPEG
n02094258,ILSVRC2012_val_00031764.JPEG
n02094258,ILSVRC2012_val_00033194.JPEG
n02094258,ILSVRC2012_val_00036563.JPEG
n02094258,ILSVRC2012_val_00038457.JPEG
n02094258,ILSVRC2012_val_00038911.JPEG
n02094258,ILSVRC2012_val_00039510.JPEG
n02094258,ILSVRC2012_val_00040058.JPEG
n02094258,ILSVRC2012_val_00040263.JPEG
n02094258,ILSVRC2012_val_00042205.JPEG
n02094258,ILSVRC2012_val_00042642.JPEG
n02094258,ILSVRC2012_val_00043261.JPEG
n02094258,ILSVRC2012_val_00043451.JPEG
n02094258,ILSVRC2012_val_00044743.JPEG
n02094258,ILSVRC2012_val_00045352.JPEG
n02094258,ILSVRC2012_val_00045518.JPEG
n02094258,ILSVRC2012_val_00047449.JPEG
n02097658,ILSVRC2012_val_00000105.JPEG
n02097658,ILSVRC2012_val_00000799.JPEG
n02097658,ILSVRC2012_val_00002222.JPEG
n02097658,ILSVRC2012_val_00002558.JPEG
n02097658,ILSVRC2012_val_00002765.JPEG
n02097658,ILSVRC2012_val_00003869.JPEG
n02097658,ILSVRC2012_val_00004744.JPEG
n02097658,ILSVRC2012_val_00004989.JPEG
n02097658,ILSVRC2012_val_00005174.JPEG
n02097658,ILSVRC2012_val_00005758.JPEG
n02097658,ILSVRC2012_val_00006610.JPEG
n02097658,ILSVRC2012_val_00007102.JPEG
n02097658,ILSVRC2012_val_00009488.JPEG
n02097658,ILSVRC2012_val_00009848.JPEG
n02097658,ILSVRC2012_val_00010125.JPEG
n02097658,ILSVRC2012_val_00010450.JPEG
n02097658,ILSVRC2012_val_00012549.JPEG
n02097658,ILSVRC2012_val_00013549.JPEG
n02097658,ILSVRC2012_val_00013728.JPEG
n02097658,ILSVRC2012_val_00014259.JPEG
n02097658,ILSVRC2012_val_00015119.JPEG
n02097658,ILSVRC2012_val_00017158.JPEG
n02097658,ILSVRC2012_val_00017515.JPEG
n02097658,ILSVRC2012_val_00020815.JPEG
n02097658,ILSVRC2012_val_00021362.JPEG
n02097658,ILSVRC2012_val_00021426.JPEG
n02097658,ILSVRC2012_val_00022656.JPEG
n02097658,ILSVRC2012_val_00022686.JPEG
n02097658,ILSVRC2012_val_00024329.JPEG
n02097658,ILSVRC2012_val_00025048.JPEG
n02097658,ILSVRC2012_val_00025289.JPEG
n02097658,ILSVRC2012_val_00026153.JPEG
n02097658,ILSVRC2012_val_00028192.JPEG
n02097658,ILSVRC2012_val_00029652.JPEG
n02097658,ILSVRC2012_val_00031646.JPEG
n02097658,ILSVRC2012_val_00032532.JPEG
n02097658,ILSVRC2012_val_00033775.JPEG
n02097658,ILSVRC2012_val_00034815.JPEG
n02097658,ILSVRC2012_val_00035805.JPEG
n02097658,ILSVRC2012_val_00037202.JPEG
n02097658,ILSVRC2012_val_00040109.JPEG
n02097658,ILSVRC2012_val_00040641.JPEG
n02097658,ILSVRC2012_val_00040875.JPEG
n02097658,ILSVRC2012_val_00042451.JPEG
n02097658,ILSVRC2012_val_00043476.JPEG
n02097658,ILSVRC2012_val_00044231.JPEG
n02097658,ILSVRC2012_val_00044353.JPEG
n02097658,ILSVRC2012_val_00044453.JPEG
n02097658,ILSVRC2012_val_00045634.JPEG
n02097658,ILSVRC2012_val_00049653.JPEG
n02108000,ILSVRC2012_val_00001005.JPEG
n02108000,ILSVRC2012_val_00001872.JPEG
n02108000,ILSVRC2012_val_00002234.JPEG
n02108000,ILSVRC2012_val_00002277.JPEG
n02108000,ILSVRC2012_val_00002492.JPEG
n02108000,ILSVRC2012_val_00004818.JPEG
n02108000,ILSVRC2012_val_00005283.JPEG
n02108000,ILSVRC2012_val_00005854.JPEG
n02108000,ILSVRC2012_val_00006659.JPEG
n02108000,ILSVRC2012_val_00006920.JPEG
n02108000,ILSVRC2012_val_00007829.JPEG
n02108000,ILSVRC2012_val_00008114.JPEG
n02108000,ILSVRC2012_val_00009711.JPEG
n02108000,ILSVRC2012_val_00010617.JPEG
n02108000,ILSVRC2012_val_00012140.JPEG
n02108000,ILSVRC2012_val_00012733.JPEG
n02108000,ILSVRC2012_val_00012740.JPEG
n02108000,ILSVRC2012_val_00012901.JPEG
n02108000,ILSVRC2012_val_00016951.JPEG
n02108000,ILSVRC2012_val_00018779.JPEG
n02108000,ILSVRC2012_val_00020748.JPEG
n02108000,ILSVRC2012_val_00023760.JPEG
n02108000,ILSVRC2012_val_00024217.JPEG
n02108000,ILSVRC2012_val_00024509.JPEG
n02108000,ILSVRC2012_val_00026161.JPEG
n02108000,ILSVRC2012_val_00027751.JPEG
n02108000,ILSVRC2012_val_00028922.JPEG
n02108000,ILSVRC2012_val_00029217.JPEG
n02108000,ILSVRC2012_val_00031133.JPEG
n02108000,ILSVRC2012_val_00031461.JPEG
n02108000,ILSVRC2012_val_00032522.JPEG
n02108000,ILSVRC2012_val_00032659.JPEG
n02108000,ILSVRC2012_val_00033553.JPEG
n02108000,ILSVRC2012_val_00033595.JPEG
n02108000,ILSVRC2012_val_00033690.JPEG
n02108000,ILSVRC2012_val_00037081.JPEG
n02108000,ILSVRC2012_val_00037087.JPEG
n02108000,ILSVRC2012_val_00037858.JPEG
n02108000,ILSVRC2012_val_00038056.JPEG
n02108000,ILSVRC2012_val_00039942.JPEG
n02108000,ILSVRC2012_val_00040582.JPEG
n02108000,ILSVRC2012_val_00041093.JPEG
n02108000,ILSVRC2012_val_00041306.JPEG
n02108000,ILSVRC2012_val_00042390.JPEG
n02108000,ILSVRC2012_val_00044356.JPEG
n02108000,ILSVRC2012_val_00044430.JPEG
n02108000,ILSVRC2012_val_00047149.JPEG
n02108000,ILSVRC2012_val_00048383.JPEG
n02108000,ILSVRC2012_val_00048636.JPEG
n02108000,ILSVRC2012_val_00049574.JPEG
n02108089,ILSVRC2012_val_00000635.JPEG
n02108089,ILSVRC2012_val_00003522.JPEG
n02108089,ILSVRC2012_val_00004449.JPEG
n02108089,ILSVRC2012_val_00005263.JPEG
n02108089,ILSVRC2012_val_00005495.JPEG
n02108089,ILSVRC2012_val_00007001.JPEG
n02108089,ILSVRC2012_val_00007295.JPEG
n02108089,ILSVRC2012_val_00008337.JPEG
n02108089,ILSVRC2012_val_00009189.JPEG
n02108089,ILSVRC2012_val_00009553.JPEG
n02108089,ILSVRC2012_val_00010648.JPEG
n02108089,ILSVRC2012_val_00011921.JPEG
n02108089,ILSVRC2012_val_00013419.JPEG
n02108089,ILSVRC2012_val_00013856.JPEG
n02108089,ILSVRC2012_val_00014721.JPEG
n02108089,ILSVRC2012_val_00015355.JPEG
n02108089,ILSVRC2012_val_00016299.JPEG
n02108089,ILSVRC2012_val_00016416.JPEG
n02108089,ILSVRC2012_val_00016857.JPEG
n02108089,ILSVRC2012_val_00017434.JPEG
n02108089,ILSVRC2012_val_00017602.JPEG
n02108089,ILSVRC2012_val_00018604.JPEG
n02108089,ILSVRC2012_val_00018899.JPEG
n02108089,ILSVRC2012_val_00020841.JPEG
n02108089,ILSVRC2012_val_00022458.JPEG
n02108089,ILSVRC2012_val_00023231.JPEG
n02108089,ILSVRC2012_val_00024675.JPEG
n02108089,ILSVRC2012_val_00025897.JPEG
n02108089,ILSVRC2012_val_00026882.JPEG
n02108089,ILSVRC2012_val_00027128.JPEG
n02108089,ILSVRC2012_val_00028572.JPEG
n02108089,ILSVRC2012_val_00029255.JPEG
n02108089,ILSVRC2012_val_00029970.JPEG
n02108089,ILSVRC2012_val_00031203.JPEG
n02108089,ILSVRC2012_val_00031314.JPEG
n02108089,ILSVRC2012_val_00031818.JPEG
n02108089,ILSVRC2012_val_00032406.JPEG
n02108089,ILSVRC2012_val_00034922.JPEG
n02108089,ILSVRC2012_val_00035275.JPEG
n02108089,ILSVRC2012_val_00037916.JPEG
n02108089,ILSVRC2012_val_00038626.JPEG
n02108089,ILSVRC2012_val_00039448.JPEG
n02108089,ILSVRC2012_val_00041677.JPEG
n02108089,ILSVRC2012_val_00043232.JPEG
n02108089,ILSVRC2012_val_00043791.JPEG
n02108089,ILSVRC2012_val_00044308.JPEG
n02108089,ILSVRC2012_val_00045933.JPEG
n02108089,ILSVRC2012_val_00046048.JPEG
n02108089,ILSVRC2012_val_00049040.JPEG
n02108089,ILSVRC2012_val_00049570.JPEG
n02109961,ILSVRC2012_val_00000178.JPEG
n02109961,ILSVRC2012_val_00002004.JPEG
n02109961,ILSVRC2012_val_00002066.JPEG
n02109961,ILSVRC2012_val_00005019.JPEG
n02109961,ILSVRC2012_val_00005446.JPEG
n02109961,ILSVRC2012_val_00005521.JPEG
n02109961,ILSVRC2012_val_00006059.JPEG
n02109961,ILSVRC2012_val_00007551.JPEG
n02109961,ILSVRC2012_val_00008320.JPEG
n02109961,ILSVRC2012_val_00009148.JPEG
n02109961,ILSVRC2012_val_00009157.JPEG
n02109961,ILSVRC2012_val_00010011.JPEG
n02109961,ILSVRC2012_val_00012430.JPEG
n02109961,ILSVRC2012_val_00012657.JPEG
n02109961,ILSVRC2012_val_00014246.JPEG
n02109961,ILSVRC2012_val_00014701.JPEG
n02109961,ILSVRC2012_val_00016370.JPEG
n02109961,ILSVRC2012_val_00017529.JPEG
n02109961,ILSVRC2012_val_00018826.JPEG
n02109961,ILSVRC2012_val_00019173.JPEG
n02109961,ILSVRC2012_val_00019757.JPEG
n02109961,ILSVRC2012_val_00021744.JPEG
n02109961,ILSVRC2012_val_00022133.JPEG
n02109961,ILSVRC2012_val_00022485.JPEG
n02109961,ILSVRC2012_val_00023846.JPEG
n02109961,ILSVRC2012_val_00024226.JPEG
n02109961,ILSVRC2012_val_00024429.JPEG
n02109961,ILSVRC2012_val_00024818.JPEG
n02109961,ILSVRC2012_val_00026698.JPEG
n02109961,ILSVRC2012_val_00028523.JPEG
n02109961,ILSVRC2012_val_00029058.JPEG
n02109961,ILSVRC2012_val_00029190.JPEG
n02109961,ILSVRC2012_val_00029313.JPEG
n02109961,ILSVRC2012_val_00031876.JPEG
n02109961,ILSVRC2012_val_00032304.JPEG
n02109961,ILSVRC2012_val_00032591.JPEG
n02109961,ILSVRC2012_val_00032646.JPEG
n02109961,ILSVRC2012_val_00032991.JPEG
n02109961,ILSVRC2012_val_00033758.JPEG
n02109961,ILSVRC2012_val_00035036.JPEG
n02109961,ILSVRC2012_val_00037595.JPEG
n02109961,ILSVRC2012_val_00039057.JPEG
n02109961,ILSVRC2012_val_00039381.JPEG
n02109961,ILSVRC2012_val_00040410.JPEG
n02109961,ILSVRC2012_val_00044249.JPEG
n02109961,ILSVRC2012_val_00045291.JPEG
n02109961,ILSVRC2012_val_00046423.JPEG
n02109961,ILSVRC2012_val_00047924.JPEG
n02109961,ILSVRC2012_val_00049654.JPEG
n02109961,ILSVRC2012_val_00049841.JPEG
n02111129,ILSVRC2012_val_00001203.JPEG
n02111129,ILSVRC2012_val_00001401.JPEG
n02111129,ILSVRC2012_val_00001762.JPEG
n02111129,ILSVRC2012_val_00002635.JPEG
n02111129,ILSVRC2012_val_00003638.JPEG
n02111129,ILSVRC2012_val_00004026.JPEG
n02111129,ILSVRC2012_val_00007211.JPEG
n02111129,ILSVRC2012_val_00008496.JPEG
n02111129,ILSVRC2012_val_00008624.JPEG
n02111129,ILSVRC2012_val_00009163.JPEG
n02111129,ILSVRC2012_val_00010113.JPEG
n02111129,ILSVRC2012_val_00011141.JPEG
n02111129,ILSVRC2012_val_00011146.JPEG
n02111129,ILSVRC2012_val_00011316.JPEG
n02111129,ILSVRC2012_val_00013159.JPEG
n02111129,ILSVRC2012_val_00014863.JPEG
n02111129,ILSVRC2012_val_00015310.JPEG
n02111129,ILSVRC2012_val_00017151.JPEG
n02111129,ILSVRC2012_val_00018736.JPEG
n02111129,ILSVRC2012_val_00019715.JPEG
n02111129,ILSVRC2012_val_00021370.JPEG
n02111129,ILSVRC2012_val_00021379.JPEG
n02111129,ILSVRC2012_val_00022319.JPEG
n02111129,ILSVRC2012_val_00022950.JPEG
n02111129,ILSVRC2012_val_00025219.JPEG
n02111129,ILSVRC2012_val_00025253.JPEG
n02111129,ILSVRC2012_val_00026684.JPEG
n02111129,ILSVRC2012_val_00028755.JPEG
n02111129,ILSVRC2012_val_00028913.JPEG
n02111129,ILSVRC2012_val_00030170.JPEG
n02111129,ILSVRC2012_val_00030445.JPEG
n02111129,ILSVRC2012_val_00031678.JPEG
n02111129,ILSVRC2012_val_00033357.JPEG
n02111129,ILSVRC2012_val_00033449.JPEG
n02111129,ILSVRC2012_val_00035530.JPEG
n02111129,ILSVRC2012_val_00036462.JPEG
n02111129,ILSVRC2012_val_00037325.JPEG
n02111129,ILSVRC2012_val_00038690.JPEG
n02111129,ILSVRC2012_val_00038704.JPEG
n02111129,ILSVRC2012_val_00038896.JPEG
n02111129,ILSVRC2012_val_00040802.JPEG
n02111129,ILSVRC2012_val_00041337.JPEG
n02111129,ILSVRC2012_val_00042400.JPEG
n02111129,ILSVRC2012_val_00042869.JPEG
n02111129,ILSVRC2012_val_00043491.JPEG
n02111129,ILSVRC2012_val_00048080.JPEG
n02111129,ILSVRC2012_val_00048310.JPEG
n02111129,ILSVRC2012_val_00049245.JPEG
n02111129,ILSVRC2012_val_00049484.JPEG
n02111129,ILSVRC2012_val_00049627.JPEG
n02114855,ILSVRC2012_val_00000156.JPEG
n02114855,ILSVRC2012_val_00000188.JPEG
n02114855,ILSVRC2012_val_00003765.JPEG
n02114855,ILSVRC2012_val_00004178.JPEG
n02114855,ILSVRC2012_val_00004540.JPEG
n02114855,ILSVRC2012_val_00004869.JPEG
n02114855,ILSVRC2012_val_00006092.JPEG
n02114855,ILSVRC2012_val_00009474.JPEG
n02114855,ILSVRC2012_val_00012230.JPEG
n02114855,ILSVRC2012_val_00016398.JPEG
n02114855,ILSVRC2012_val_00016443.JPEG
n02114855,ILSVRC2012_val_00016911.JPEG
n02114855,ILSVRC2012_val_00017231.JPEG
n02114855,ILSVRC2012_val_00019239.JPEG
n02114855,ILSVRC2012_val_00019680.JPEG
n02114855,ILSVRC2012_val_00020256.JPEG
n02114855,ILSVRC2012_val_00023411.JPEG
n02114855,ILSVRC2012_val_00023813.JPEG
n02114855,ILSVRC2012_val_00024990.JPEG
n02114855,ILSVRC2012_val_00026228.JPEG
n02114855,ILSVRC2012_val_00026869.JPEG
n02114855,ILSVRC2012_val_00028347.JPEG
n02114855,ILSVRC2012_val_00028916.JPEG
n02114855,ILSVRC2012_val_00029066.JPEG
n02114855,ILSVRC2012_val_00029186.JPEG
n02114855,ILSVRC2012_val_00031197.JPEG
n02114855,ILSVRC2012_val_00032758.JPEG
n02114855,ILSVRC2012_val_00034279.JPEG
n02114855,ILSVRC2012_val_00035375.JPEG
n02114855,ILSVRC2012_val_00036317.JPEG
n02114855,ILSVRC2012_val_00036324.JPEG
n02114855,ILSVRC2012_val_00036450.JPEG
n02114855,ILSVRC2012_val_00036897.JPEG
n02114855,ILSVRC2012_val_00037275.JPEG
n02114855,ILSVRC2012_val_00038396.JPEG
n02114855,ILSVRC2012_val_00039555.JPEG
n02114855,ILSVRC2012_val_00039736.JPEG
n02114855,ILSVRC2012_val_00040727.JPEG
n02114855,ILSVRC2012_val_00041643.JPEG
n02114855,ILSVRC2012_val_00041761.JPEG
n02114855,ILSVRC2012_val_00042357.JPEG
n02114855,ILSVRC2012_val_00044021.JPEG
n02114855,ILSVRC2012_val_00044600.JPEG
n02114855,ILSVRC2012_val_00044732.JPEG
n02114855,ILSVRC2012_val_00045318.JPEG
n02114855,ILSVRC2012_val_00046340.JPEG
n02114855,ILSVRC2012_val_00048162.JPEG
n02114855,ILSVRC2012_val_00048219.JPEG
n02114855,ILSVRC2012_val_00048693.JPEG
n02114855,ILSVRC2012_val_00049643.JPEG
n02120505,ILSVRC2012_val_00000323.JPEG
n02120505,ILSVRC2012_val_00002987.JPEG
n02120505,ILSVRC2012_val_00003984.JPEG
n02120505,ILSVRC2012_val_00006964.JPEG
n02120505,ILSVRC2012_val_00008815.JPEG
n02120505,ILSVRC2012_val_00009156.JPEG
n02120505,ILSVRC2012_val_00010075.JPEG
n02120505,ILSVRC2012_val_00010241.JPEG
n02120505,ILSVRC2012_val_00010941.JPEG
n02120505,ILSVRC2012_val_00011811.JPEG
n02120505,ILSVRC2012_val_00013158.JPEG
n02120505,ILSVRC2012_val_00014956.JPEG
n02120505,ILSVRC2012_val_00015781.JPEG
n02120505,ILSVRC2012_val_00016027.JPEG
n02120505,ILSVRC2012_val_00018714.JPEG
n02120505,ILSVRC2012_val_00019252.JPEG
n02120505,ILSVRC2012_val_00019480.JPEG
n02120505,ILSVRC2012_val_00019589.JPEG
n02120505,ILSVRC2012_val_00020859.JPEG
n02120505,ILSVRC2012_val_00022283.JPEG
n02120505,ILSVRC2012_val_00022726.JPEG
n02120505,ILSVRC2012_val_00023598.JPEG
n02120505,ILSVRC2012_val_00025412.JPEG
n02120505,ILSVRC2012_val_00026842.JPEG
n02120505,ILSVRC2012_val_00027398.JPEG
n02120505,ILSVRC2012_val_00028275.JPEG
n02120505,ILSVRC2012_val_00028276.JPEG
n02120505,ILSVRC2012_val_00029855.JPEG
n02120505,ILSVRC2012_val_00030289.JPEG
n02120505,ILSVRC2012_val_00030656.JPEG
n02120505,ILSVRC2012_val_00030934.JPEG
n02120505,ILSVRC2012_val_00033228.JPEG
n02120505,ILSVRC2012_val_00034043.JPEG
n02120505,ILSVRC2012_val_00034848.JPEG
n02120505,ILSVRC2012_val_00034996.JPEG
n02120505,ILSVRC2012_val_00035164.JPEG
n02120505,ILSVRC2012_val_00036004.JPEG
n02120505,ILSVRC2012_val_00037906.JPEG
n02120505,ILSVRC2012_val_00039937.JPEG
n02120505,ILSVRC2012_val_00042055.JPEG
n02120505,ILSVRC2012_val_00043254.JPEG
n02120505,ILSVRC2012_val_00043421.JPEG
n02120505,ILSVRC2012_val_00043662.JPEG
n02120505,ILSVRC2012_val_00043918.JPEG
n02120505,ILSVRC2012_val_00044748.JPEG
n02120505,ILSVRC2012_val_00044957.JPEG
n02120505,ILSVRC2012_val_00045171.JPEG
n02120505,ILSVRC2012_val_00045532.JPEG
n02120505,ILSVRC2012_val_00048756.JPEG
n02120505,ILSVRC2012_val_00049125.JPEG
n02132136,ILSVRC2012_val_00000871.JPEG
n02132136,ILSVRC2012_val_00001199.JPEG
n02132136,ILSVRC2012_val_00003044.JPEG
n02132136,ILSVRC2012_val_00004578.JPEG
n02132136,ILSVRC2012_val_00006703.JPEG
n02132136,ILSVRC2012_val_00008922.JPEG
n02132136,ILSVRC2012_val_00010281.JPEG
n02132136,ILSVRC2012_val_00011447.JPEG
n02132136,ILSVRC2012_val_00011967.JPEG
n02132136,ILSVRC2012_val_00013390.JPEG
n02132136,ILSVRC2012_val_00013482.JPEG
n02132136,ILSVRC2012_val_00015955.JPEG
n02132136,ILSVRC2012_val_00016512.JPEG
n02132136,ILSVRC2012_val_00017155.JPEG
n02132136,ILSVRC2012_val_00017545.JPEG
n02132136,ILSVRC2012_val_00018369.JPEG
n02132136,ILSVRC2012_val_00018469.JPEG
n02132136,ILSVRC2012_val_00019682.JPEG
n02132136,ILSVRC2012_val_00020362.JPEG
n02132136,ILSVRC2012_val_00023511.JPEG
n02132136,ILSVRC2012_val_00031253.JPEG
n02132136,ILSVRC2012_val_00031645.JPEG
n02132136,ILSVRC2012_val_00031906.JPEG
n02132136,ILSVRC2012_val_00032453.JPEG
n02132136,ILSVRC2012_val_00034130.JPEG
n02132136,ILSVRC2012_val_00034153.JPEG
n02132136,ILSVRC2012_val_00035969.JPEG
n02132136,ILSVRC2012_val_00036597.JPEG
n02132136,ILSVRC2012_val_00038263.JPEG
n02132136,ILSVRC2012_val_00039227.JPEG
n02132136,ILSVRC2012_val_00039777.JPEG
n02132136,ILSVRC2012_val_00039795.JPEG
n02132136,ILSVRC2012_val_00040005.JPEG
n02132136,ILSVRC2012_val_00040376.JPEG
n02132136,ILSVRC2012_val_00042274.JPEG
n02132136,ILSVRC2012_val_00043182.JPEG
n02132136,ILSVRC2012_val_00043730.JPEG
n02132136,ILSVRC2012_val_00043856.JPEG
n02132136,ILSVRC2012_val_00044008.JPEG
n02132136,ILSVRC2012_val_00045270.JPEG
n02132136,ILSVRC2012_val_00045952.JPEG
n02132136,ILSVRC2012_val_00046207.JPEG
n02132136,ILSVRC2012_val_00046763.JPEG
n02132136,ILSVRC2012_val_00047752.JPEG
n02132136,ILSVRC2012_val_00048883.JPEG
n02132136,ILSVRC2012_val_00048979.JPEG
n02132136,ILSVRC2012_val_00049345.JPEG
n02132136,ILSVRC2012_val_00049788.JPEG
n02132136,ILSVRC2012_val_00049822.JPEG
n02132136,ILSVRC2012_val_00049960.JPEG
n02169497,ILSVRC2012_val_00000510.JPEG
n02169497,ILSVRC2012_val_00001539.JPEG
n02169497,ILSVRC2012_val_00001776.JPEG
n02169497,ILSVRC2012_val_00002305.JPEG
n02169497,ILSVRC2012_val_00003430.JPEG
n02169497,ILSVRC2012_val_00004716.JPEG
n02169497,ILSVRC2012_val_00004851.JPEG
n02169497,ILSVRC2012_val_00007549.JPEG
n02169497,ILSVRC2012_val_00008140.JPEG
n02169497,ILSVRC2012_val_00008393.JPEG
n02169497,ILSVRC2012_val_00011845.JPEG
n02169497,ILSVRC2012_val_00014134.JPEG
n02169497,ILSVRC2012_val_00015755.JPEG
n02169497,ILSVRC2012_val_00015802.JPEG
n02169497,ILSVRC2012_val_00016355.JPEG
n02169497,ILSVRC2012_val_00017264.JPEG
n02169497,ILSVRC2012_val_00018858.JPEG
n02169497,ILSVRC2012_val_00019171.JPEG
n02169497,ILSVRC2012_val_00019357.JPEG
n02169497,ILSVRC2012_val_00020159.JPEG
n02169497,ILSVRC2012_val_00020652.JPEG
n02169497,ILSVRC2012_val_00021794.JPEG
n02169497,ILSVRC2012_val_00021847.JPEG
n02169497,ILSVRC2012_val_00021880.JPEG
n02169497,ILSVRC2012_val_00022351.JPEG
n02169497,ILSVRC2012_val_00023833.JPEG
n02169497,ILSVRC2012_val_00024558.JPEG
n02169497,ILSVRC2012_val_00025729.JPEG
n02169497,ILSVRC2012_val_00027714.JPEG
n02169497,ILSVRC2012_val_00029421.JPEG
n02169497,ILSVRC2012_val_00031036.JPEG
n02169497,ILSVRC2012_val_00031660.JPEG
n02169497,ILSVRC2012_val_00031961.JPEG
n02169497,ILSVRC2012_val_00032871.JPEG
n02169497,ILSVRC2012_val_00032986.JPEG
n02169497,ILSVRC2012_val_00034190.JPEG
n02169497,ILSVRC2012_val_00034954.JPEG
n02169497,ILSVRC2012_val_00036173.JPEG
n02169497,ILSVRC2012_val_00036613.JPEG
n02169497,ILSVRC2012_val_00041728.JPEG
n02169497,ILSVRC2012_val_00042299.JPEG
n02169497,ILSVRC2012_val_00043134.JPEG
n02169497,ILSVRC2012_val_00043250.JPEG
n02169497,ILSVRC2012_val_00047115.JPEG
n02169497,ILSVRC2012_val_00047901.JPEG
n02169497,ILSVRC2012_val_00047928.JPEG
n02169497,ILSVRC2012_val_00048026.JPEG
n02169497,ILSVRC2012_val_00048058.JPEG
n02169497,ILSVRC2012_val_00048894.JPEG
n02169497,ILSVRC2012_val_00049845.JPEG
n02174001,ILSVRC2012_val_00000692.JPEG
n02174001,ILSVRC2012_val_00000819.JPEG
n02174001,ILSVRC2012_val_00001835.JPEG
n02174001,ILSVRC2012_val_00003191.JPEG
n02174001,ILSVRC2012_val_00003572.JPEG
n02174001,ILSVRC2012_val_00004339.JPEG
n02174001,ILSVRC2012_val_00005305.JPEG
n02174001,ILSVRC2012_val_00009002.JPEG
n02174001,ILSVRC2012_val_00011744.JPEG
n02174001,ILSVRC2012_val_00011899.JPEG
n02174001,ILSVRC2012_val_00014060.JPEG
n02174001,ILSVRC2012_val_00014365.JPEG
n02174001,ILSVRC2012_val_00016150.JPEG
n02174001,ILSVRC2012_val_00016171.JPEG
n02174001,ILSVRC2012_val_00016776.JPEG
n02174001,ILSVRC2012_val_00018048.JPEG
n02174001,ILSVRC2012_val_00020026.JPEG
n02174001,ILSVRC2012_val_00020089.JPEG
n02174001,ILSVRC2012_val_00021478.JPEG
n02174001,ILSVRC2012_val_00021607.JPEG
n02174001,ILSVRC2012_val_00023013.JPEG
n02174001,ILSVRC2012_val_00023049.JPEG
n02174001,ILSVRC2012_val_00023188.JPEG
n02174001,ILSVRC2012_val_00023719.JPEG
n02174001,ILSVRC2012_val_00023897.JPEG
n02174001,ILSVRC2012_val_00024458.JPEG
n02174001,ILSVRC2012_val_00024743.JPEG
n02174001,ILSVRC2012_val_00025225.JPEG
n02174001,ILSVRC2012_val_00025694.JPEG
n02174001,ILSVRC2012_val_00025855.JPEG
n02174001,ILSVRC2012_val_00027857.JPEG
n02174001,ILSVRC2012_val_00029795.JPEG
n02174001,ILSVRC2012_val_00031766.JPEG
n02174001,ILSVRC2012_val_00032303.JPEG
n02174001,ILSVRC2012_val_00033980.JPEG
n02174001,ILSVRC2012_val_00034738.JPEG
n02174001,ILSVRC2012_val_00035175.JPEG
n02174001,ILSVRC2012_val_00036186.JPEG
n02174001,ILSVRC2012_val_00038181.JPEG
n02174001,ILSVRC2012_val_00038832.JPEG
n02174001,ILSVRC2012_val_00039332.JPEG
n02174001,ILSVRC2012_val_00040044.JPEG
n02174001,ILSVRC2012_val_00043410.JPEG
n02174001,ILSVRC2012_val_00044390.JPEG
n02174001,ILSVRC2012_val_00046485.JPEG
n02174001,ILSVRC2012_val_00047630.JPEG
n02174001,ILSVRC2012_val_00047820.JPEG
n02174001,ILSVRC2012_val_00048326.JPEG
n02174001,ILSVRC2012_val_00048570.JPEG
n02174001,ILSVRC2012_val_00049168.JPEG
n02226429,ILSVRC2012_val_00000125.JPEG
n02226429,ILSVRC2012_val_00000972.JPEG
n02226429,ILSVRC2012_val_00002904.JPEG
n02226429,ILSVRC2012_val_00005775.JPEG
n02226429,ILSVRC2012_val_00006915.JPEG
n02226429,ILSVRC2012_val_00007152.JPEG
n02226429,ILSVRC2012_val_00007529.JPEG
n02226429,ILSVRC2012_val_00007589.JPEG
n02226429,ILSVRC2012_val_00007696.JPEG
n02226429,ILSVRC2012_val_00009090.JPEG
n02226429,ILSVRC2012_val_00010494.JPEG
n02226429,ILSVRC2012_val_00013924.JPEG
n02226429,ILSVRC2012_val_00017299.JPEG
n02226429,ILSVRC2012_val_00019820.JPEG
n02226429,ILSVRC2012_val_00020551.JPEG
n02226429,ILSVRC2012_val_00020985.JPEG
n02226429,ILSVRC2012_val_00022361.JPEG
n02226429,ILSVRC2012_val_00022737.JPEG
n02226429,ILSVRC2012_val_00023570.JPEG
n02226429,ILSVRC2012_val_00023689.JPEG
n02226429,ILSVRC2012_val_00024755.JPEG
n02226429,ILSVRC2012_val_00025061.JPEG
n02226429,ILSVRC2012_val_00026081.JPEG
n02226429,ILSVRC2012_val_00026349.JPEG
n02226429,ILSVRC2012_val_00027558.JPEG
n02226429,ILSVRC2012_val_00028492.JPEG
n02226429,ILSVRC2012_val_00030474.JPEG
n02226429,ILSVRC2012_val_00031573.JPEG
n02226429,ILSVRC2012_val_00032265.JPEG
n02226429,ILSVRC2012_val_00032352.JPEG
n02226429,ILSVRC2012_val_00032533.JPEG
n02226429,ILSVRC2012_val_00032705.JPEG
n02226429,ILSVRC2012_val_00033360.JPEG
n02226429,ILSVRC2012_val_00037042.JPEG
n02226429,ILSVRC2012_val_00037090.JPEG
n02226429,ILSVRC2012_val_00037893.JPEG
n02226429,ILSVRC2012_val_00038662.JPEG
n02226429,ILSVRC2012_val_00039032.JPEG
n02226429,ILSVRC2012_val_00040980.JPEG
n02226429,ILSVRC2012_val_00042223.JPEG
n02226429,ILSVRC2012_val_00042342.JPEG
n02226429,ILSVRC2012_val_00042700.JPEG
n02226429,ILSVRC2012_val_00042841.JPEG
n02226429,ILSVRC2012_val_00043022.JPEG
n02226429,ILSVRC2012_val_00044404.JPEG
n02226429,ILSVRC2012_val_00045770.JPEG
n02226429,ILSVRC2012_val_00045775.JPEG
n02226429,ILSVRC2012_val_00046054.JPEG
n02226429,ILSVRC2012_val_00047043.JPEG
n02226429,ILSVRC2012_val_00047260.JPEG
n02268853,ILSVRC2012_val_00000639.JPEG
n02268853,ILSVRC2012_val_00000965.JPEG
n02268853,ILSVRC2012_val_00001842.JPEG
n02268853,ILSVRC2012_val_00001921.JPEG
n02268853,ILSVRC2012_val_00002582.JPEG
n02268853,ILSVRC2012_val_00002893.JPEG
n02268853,ILSVRC2012_val_00003239.JPEG
n02268853,ILSVRC2012_val_00004215.JPEG
n02268853,ILSVRC2012_val_00004260.JPEG
n02268853,ILSVRC2012_val_00006313.JPEG
n02268853,ILSVRC2012_val_00008894.JPEG
n02268853,ILSVRC2012_val_00009622.JPEG
n02268853,ILSVRC2012_val_00009625.JPEG
n02268853,ILSVRC2012_val_00010151.JPEG
n02268853,ILSVRC2012_val_00010484.JPEG
n02268853,ILSVRC2012_val_00010997.JPEG
n02268853,ILSVRC2012_val_00011771.JPEG
n02268853,ILSVRC2012_val_00012152.JPEG
n02268853,ILSVRC2012_val_00012526.JPEG
n02268853,ILSVRC2012_val_00012681.JPEG
n02268853,ILSVRC2012_val_00012905.JPEG
n02268853,ILSVRC2012_val_00014038.JPEG
n02268853,ILSVRC2012_val_00018455.JPEG
n02268853,ILSVRC2012_val_00019014.JPEG
n02268853,ILSVRC2012_val_00019888.JPEG
n02268853,ILSVRC2012_val_00019984.JPEG
n02268853,ILSVRC2012_val_00022224.JPEG
n02268853,ILSVRC2012_val_00023183.JPEG
n02268853,ILSVRC2012_val_00026065.JPEG
n02268853,ILSVRC2012_val_00026913.JPEG
n02268853,ILSVRC2012_val_00027652.JPEG
n02268853,ILSVRC2012_val_00028579.JPEG
n02268853,ILSVRC2012_val_00032109.JPEG
n02268853,ILSVRC2012_val_00032356.JPEG
n02268853,ILSVRC2012_val_00033064.JPEG
n02268853,ILSVRC2012_val_00033686.JPEG
n02268853,ILSVRC2012_val_00034197.JPEG
n02268853,ILSVRC2012_val_00035819.JPEG
n02268853,ILSVRC2012_val_00036639.JPEG
n02268853,ILSVRC2012_val_00037978.JPEG
n02268853,ILSVRC2012_val_00038466.JPEG
n02268853,ILSVRC2012_val_00040288.JPEG
n02268853,ILSVRC2012_val_00042277.JPEG
n02268853,ILSVRC2012_val_00042323.JPEG
n02268853,ILSVRC2012_val_00042764.JPEG
n02268853,ILSVRC2012_val_00043486.JPEG
n02268853,ILSVRC2012_val_00047903.JPEG
n02268853,ILSVRC2012_val_00049041.JPEG
n02268853,ILSVRC2012_val_00049442.JPEG
n02268853,ILSVRC2012_val_00049961.JPEG
n02280649,ILSVRC2012_val_00000031.JPEG
n02280649,ILSVRC2012_val_00001014.JPEG
n02280649,ILSVRC2012_val_00004011.JPEG
n02280649,ILSVRC2012_val_00004075.JPEG
n02280649,ILSVRC2012_val_00007368.JPEG
n02280649,ILSVRC2012_val_00008545.JPEG
n02280649,ILSVRC2012_val_00010025.JPEG
n02280649,ILSVRC2012_val_00011175.JPEG
n02280649,ILSVRC2012_val_00011589.JPEG
n02280649,ILSVRC2012_val_00011780.JPEG
n02280649,ILSVRC2012_val_00012269.JPEG
n02280649,ILSVRC2012_val_00012315.JPEG
n02280649,ILSVRC2012_val_00013255.JPEG
n02280649,ILSVRC2012_val_00014909.JPEG
n02280649,ILSVRC2012_val_00016780.JPEG
n02280649,ILSVRC2012_val_00016787.JPEG
n02280649,ILSVRC2012_val_00017342.JPEG
n02280649,ILSVRC2012_val_00019664.JPEG
n02280649,ILSVRC2012_val_00020422.JPEG
n02280649,ILSVRC2012_val_00020571.JPEG
n02280649,ILSVRC2012_val_00020691.JPEG
n02280649,ILSVRC2012_val_00020851.JPEG
n02280649,ILSVRC2012_val_00020938.JPEG
n02280649,ILSVRC2012_val_00021073.JPEG
n02280649,ILSVRC2012_val_00021992.JPEG
n02280649,ILSVRC2012_val_00024536.JPEG
n02280649,ILSVRC2012_val_00026478.JPEG
n02280649,ILSVRC2012_val_00026902.JPEG
n02280649,ILSVRC2012_val_00026917.JPEG
n02280649,ILSVRC2012_val_00028366.JPEG
n02280649,ILSVRC2012_val_00028853.JPEG
n02280649,ILSVRC2012_val_00030984.JPEG
n02280649,ILSVRC2012_val_00033606.JPEG
n02280649,ILSVRC2012_val_00033836.JPEG
n02280649,ILSVRC2012_val_00034175.JPEG
n02280649,ILSVRC2012_val_00034626.JPEG
n02280649,ILSVRC2012_val_00034706.JPEG
n02280649,ILSVRC2012_val_00035518.JPEG
n02280649,ILSVRC2012_val_00035809.JPEG
n02280649,ILSVRC2012_val_00035898.JPEG
n02280649,ILSVRC2012_val_00037181.JPEG
n02280649,ILSVRC2012_val_00039030.JPEG
n02280649,ILSVRC2012_val_00039335.JPEG
n02280649,ILSVRC2012_val_00039764.JPEG
n02280649,ILSVRC2012_val_00040652.JPEG
n02280649,ILSVRC2012_val_00042519.JPEG
n02280649,ILSVRC2012_val_00042876.JPEG
n02280649,ILSVRC2012_val_00044952.JPEG
n02280649,ILSVRC2012_val_00045102.JPEG
n02280649,ILSVRC2012_val_00045914.JPEG
n02281406,ILSVRC2012_val_00000581.JPEG
n02281406,ILSVRC2012_val_00000618.JPEG
n02281406,ILSVRC2012_val_00002379.JPEG
n02281406,ILSVRC2012_val_00002906.JPEG
n02281406,ILSVRC2012_val_00003498.JPEG
n02281406,ILSVRC2012_val_00005117.JPEG
n02281406,ILSVRC2012_val_00005904.JPEG
n02281406,ILSVRC2012_val_00007946.JPEG
n02281406,ILSVRC2012_val_00010431.JPEG
n02281406,ILSVRC2012_val_00011161.JPEG
n02281406,ILSVRC2012_val_00011476.JPEG
n02281406,ILSVRC2012_val_00013363.JPEG
n02281406,ILSVRC2012_val_00013558.JPEG
n02281406,ILSVRC2012_val_00013795.JPEG
n02281406,ILSVRC2012_val_00014128.JPEG
n02281406,ILSVRC2012_val_00014925.JPEG
n02281406,ILSVRC2012_val_00019900.JPEG
n02281406,ILSVRC2012_val_00021222.JPEG
n02281406,ILSVRC2012_val_00022078.JPEG
n02281406,ILSVRC2012_val_00023163.JPEG
n02281406,ILSVRC2012_val_00024754.JPEG
n02281406,ILSVRC2012_val_00025559.JPEG
n02281406,ILSVRC2012_val_00027311.JPEG
n02281406,ILSVRC2012_val_00027546.JPEG
n02281406,ILSVRC2012_val_00029592.JPEG
n02281406,ILSVRC2012_val_00032068.JPEG
n02281406,ILSVRC2012_val_00034368.JPEG
n02281406,ILSVRC2012_val_00034808.JPEG
n02281406,ILSVRC2012_val_00034927.JPEG
n02281406,ILSVRC2012_val_00035465.JPEG
n02281406,ILSVRC2012_val_00037381.JPEG
n02281406,ILSVRC2012_val_00037624.JPEG
n02281406,ILSVRC2012_val_00037876.JPEG
n02281406,ILSVRC2012_val_00038064.JPEG
n02281406,ILSVRC2012_val_00038721.JPEG
n02281406,ILSVRC2012_val_00039971.JPEG
n02281406,ILSVRC2012_val_00040842.JPEG
n02281406,ILSVRC2012_val_00041173.JPEG
n02281406,ILSVRC2012_val_00041390.JPEG
n02281406,ILSVRC2012_val_00041447.JPEG
n02281406,ILSVRC2012_val_00042019.JPEG
n02281406,ILSVRC2012_val_00045771.JPEG
n02281406,ILSVRC2012_val_00046093.JPEG
n02281406,ILSVRC2012_val_00046570.JPEG
n02281406,ILSVRC2012_val_00046852.JPEG
n02281406,ILSVRC2012_val_00047359.JPEG
n02281406,ILSVRC2012_val_00047683.JPEG
n02281406,ILSVRC2012_val_00048184.JPEG
n02281406,ILSVRC2012_val_00049133.JPEG
n02281406,ILSVRC2012_val_00049742.JPEG
n02361337,ILSVRC2012_val_00000675.JPEG
n02361337,ILSVRC2012_val_00002571.JPEG
n02361337,ILSVRC2012_val_00003781.JPEG
n02361337,ILSVRC2012_val_00006898.JPEG
n02361337,ILSVRC2012_val_00007212.JPEG
n02361337,ILSVRC2012_val_00008030.JPEG
n02361337,ILSVRC2012_val_00008770.JPEG
n02361337,ILSVRC2012_val_00008856.JPEG
n02361337,ILSVRC2012_val_00008936.JPEG
n02361337,ILSVRC2012_val_00009972.JPEG
n02361337,ILSVRC2012_val_00010959.JPEG
n02361337,ILSVRC2012_val_00011409.JPEG
n02361337,ILSVRC2012_val_00011891.JPEG
n02361337,ILSVRC2012_val_00013505.JPEG
n02361337,ILSVRC2012_val_00013990.JPEG
n02361337,ILSVRC2012_val_00015451.JPEG
n02361337,ILSVRC2012_val_00016788.JPEG
n02361337,ILSVRC2012_val_00018582.JPEG
n02361337,ILSVRC2012_val_00020009.JPEG
n02361337,ILSVRC2012_val_00021219.JPEG
n02361337,ILSVRC2012_val_00021685.JPEG
n02361337,ILSVRC2012_val_00021723.JPEG
n02361337,ILSVRC2012_val_00023196.JPEG
n02361337,ILSVRC2012_val_00023597.JPEG
n02361337,ILSVRC2012_val_00025459.JPEG
n02361337,ILSVRC2012_val_00025533.JPEG
n02361337,ILSVRC2012_val_00026331.JPEG
n02361337,ILSVRC2012_val_00026537.JPEG
n02361337,ILSVRC2012_val_00028439.JPEG
n02361337,ILSVRC2012_val_00029829.JPEG
n02361337,ILSVRC2012_val_00030520.JPEG
n02361337,ILSVRC2012_val_00031360.JPEG
n02361337,ILSVRC2012_val_00031934.JPEG
n02361337,ILSVRC2012_val_00033800.JPEG
n02361337,ILSVRC2012_val_00034294.JPEG
n02361337,ILSVRC2012_val_00036095.JPEG
n02361337,ILSVRC2012_val_00037289.JPEG
n02361337,ILSVRC2012_val_00037480.JPEG
n02361337,ILSVRC2012_val_00038028.JPEG
n02361337,ILSVRC2012_val_00038413.JPEG
n02361337,ILSVRC2012_val_00039457.JPEG
n02361337,ILSVRC2012_val_00040049.JPEG
n02361337,ILSVRC2012_val_00041110.JPEG
n02361337,ILSVRC2012_val_00042013.JPEG
n02361337,ILSVRC2012_val_00043861.JPEG
n02361337,ILSVRC2012_val_00044265.JPEG
n02361337,ILSVRC2012_val_00047875.JPEG
n02361337,ILSVRC2012_val_00048088.JPEG
n02361337,ILSVRC2012_val_00048892.JPEG
n02361337,ILSVRC2012_val_00049706.JPEG
n02397096,ILSVRC2012_val_00000136.JPEG
n02397096,ILSVRC2012_val_00001712.JPEG
n02397096,ILSVRC2012_val_00003166.JPEG
n02397096,ILSVRC2012_val_00003341.JPEG
n02397096,ILSVRC2012_val_00004394.JPEG
n02397096,ILSVRC2012_val_00006343.JPEG
n02397096,ILSVRC2012_val_00006975.JPEG
n02397096,ILSVRC2012_val_00007890.JPEG
n02397096,ILSVRC2012_val_00009406.JPEG
n02397096,ILSVRC2012_val_00009708.JPEG
n02397096,ILSVRC2012_val_00011043.JPEG
n02397096,ILSVRC2012_val_00012835.JPEG
n02397096,ILSVRC2012_val_00012902.JPEG
n02397096,ILSVRC2012_val_00014028.JPEG
n02397096,ILSVRC2012_val_00014092.JPEG
n02397096,ILSVRC2012_val_00015122.JPEG
n02397096,ILSVRC2012_val_00016486.JPEG
n02397096,ILSVRC2012_val_00017522.JPEG
n02397096,ILSVRC2012_val_00020202.JPEG
n02397096,ILSVRC2012_val_00020323.JPEG
n02397096,ILSVRC2012_val_00021428.JPEG
n02397096,ILSVRC2012_val_00023920.JPEG
n02397096,ILSVRC2012_val_00024376.JPEG
n02397096,ILSVRC2012_val_00024548.JPEG
n02397096,ILSVRC2012_val_00025638.JPEG
n02397096,ILSVRC2012_val_00026512.JPEG
n02397096,ILSVRC2012_val_00026934.JPEG
n02397096,ILSVRC2012_val_00028546.JPEG
n02397096,ILSVRC2012_val_00028989.JPEG
n02397096,ILSVRC2012_val_00031585.JPEG
n02397096,ILSVRC2012_val_00032456.JPEG
n02397096,ILSVRC2012_val_00033386.JPEG
n02397096,ILSVRC2012_val_00034205.JPEG
n02397096,ILSVRC2012_val_00037020.JPEG
n02397096,ILSVRC2012_val_00037303.JPEG
n02397096,ILSVRC2012_val_00040039.JPEG
n02397096,ILSVRC2012_val_00040609.JPEG
n02397096,ILSVRC2012_val_00041050.JPEG
n02397096,ILSVRC2012_val_00041563.JPEG
n02397096,ILSVRC2012_val_00042741.JPEG
n02397096,ILSVRC2012_val_00042953.JPEG
n02397096,ILSVRC2012_val_00043023.JPEG
n02397096,ILSVRC2012_val_00043406.JPEG
n02397096,ILSVRC2012_val_00043924.JPEG
n02397096,ILSVRC2012_val_00044182.JPEG
n02397096,ILSVRC2012_val_00045010.JPEG
n02397096,ILSVRC2012_val_00046916.JPEG
n02397096,ILSVRC2012_val_00047171.JPEG
n02397096,ILSVRC2012_val_00047268.JPEG
n02397096,ILSVRC2012_val_00047754.JPEG
n02442845,ILSVRC2012_val_00002028.JPEG
n02442845,ILSVRC2012_val_00002307.JPEG
n02442845,ILSVRC2012_val_00002454.JPEG
n02442845,ILSVRC2012_val_00005149.JPEG
n02442845,ILSVRC2012_val_00005294.JPEG
n02442845,ILSVRC2012_val_00005621.JPEG
n02442845,ILSVRC2012_val_00007870.JPEG
n02442845,ILSVRC2012_val_00008479.JPEG
n02442845,ILSVRC2012_val_00012258.JPEG
n02442845,ILSVRC2012_val_00014437.JPEG
n02442845,ILSVRC2012_val_00014833.JPEG
n02442845,ILSVRC2012_val_00015699.JPEG
n02442845,ILSVRC2012_val_00016649.JPEG
n02442845,ILSVRC2012_val_00022124.JPEG
n02442845,ILSVRC2012_val_00022236.JPEG
n02442845,ILSVRC2012_val_00023994.JPEG
n02442845,ILSVRC2012_val_00024374.JPEG
n02442845,ILSVRC2012_val_00025532.JPEG
n02442845,ILSVRC2012_val_00026106.JPEG
n02442845,ILSVRC2012_val_00027304.JPEG
n02442845,ILSVRC2012_val_00027995.JPEG
n02442845,ILSVRC2012_val_00028458.JPEG
n02442845,ILSVRC2012_val_00029078.JPEG
n02442845,ILSVRC2012_val_00029498.JPEG
n02442845,ILSVRC2012_val_00029734.JPEG
n02442845,ILSVRC2012_val_00029822.JPEG
n02442845,ILSVRC2012_val_00030316.JPEG
n02442845,ILSVRC2012_val_00030624.JPEG
n02442845,ILSVRC2012_val_00031891.JPEG
n02442845,ILSVRC2012_val_00033047.JPEG
n02442845,ILSVRC2012_val_00034452.JPEG
n02442845,ILSVRC2012_val_00035243.JPEG
n02442845,ILSVRC2012_val_00036871.JPEG
n02442845,ILSVRC2012_val_00037447.JPEG
n02442845,ILSVRC2012_val_00039409.JPEG
n02442845,ILSVRC2012_val_00040698.JPEG
n02442845,ILSVRC2012_val_00041087.JPEG
n02442845,ILSVRC2012_val_00041633.JPEG
n02442845,ILSVRC2012_val_00043521.JPEG
n02442845,ILSVRC2012_val_00046150.JPEG
n02442845,ILSVRC2012_val_00046175.JPEG
n02442845,ILSVRC2012_val_00046219.JPEG
n02442845,ILSVRC2012_val_00046403.JPEG
n02442845,ILSVRC2012_val_00048096.JPEG
n02442845,ILSVRC2012_val_00048217.JPEG
n02442845,ILSVRC2012_val_00048718.JPEG
n02442845,ILSVRC2012_val_00049513.JPEG
n02442845,ILSVRC2012_val_00049545.JPEG
n02442845,ILSVRC2012_val_00049780.JPEG
n02442845,ILSVRC2012_val_00049992.JPEG
n02509815,ILSVRC2012_val_00002863.JPEG
n02509815,ILSVRC2012_val_00003158.JPEG
n02509815,ILSVRC2012_val_00003193.JPEG
n02509815,ILSVRC2012_val_00005310.JPEG
n02509815,ILSVRC2012_val_00006925.JPEG
n02509815,ILSVRC2012_val_00007199.JPEG
n02509815,ILSVRC2012_val_00008712.JPEG
n02509815,ILSVRC2012_val_00008868.JPEG
n02509815,ILSVRC2012_val_00009843.JPEG
n02509815,ILSVRC2012_val_00010418.JPEG
n02509815,ILSVRC2012_val_00010747.JPEG
n02509815,ILSVRC2012_val_00010849.JPEG
n02509815,ILSVRC2012_val_00011235.JPEG
n02509815,ILSVRC2012_val_00012160.JPEG
n02509815,ILSVRC2012_val_00012980.JPEG
n02509815,ILSVRC2012_val_00014254.JPEG
n02509815,ILSVRC2012_val_00014345.JPEG
n02509815,ILSVRC2012_val_00014423.JPEG
n02509815,ILSVRC2012_val_00014686.JPEG
n02509815,ILSVRC2012_val_00016071.JPEG
n02509815,ILSVRC2012_val_00016734.JPEG
n02509815,ILSVRC2012_val_00017140.JPEG
n02509815,ILSVRC2012_val_00017831.JPEG
n02509815,ILSVRC2012_val_00018367.JPEG
n02509815,ILSVRC2012_val_00018431.JPEG
n02509815,ILSVRC2012_val_00018974.JPEG
n02509815,ILSVRC2012_val_00020033.JPEG
n02509815,ILSVRC2012_val_00021071.JPEG
n02509815,ILSVRC2012_val_00023365.JPEG
n02509815,ILSVRC2012_val_00023775.JPEG
n02509815,ILSVRC2012_val_00025768.JPEG
n02509815,ILSVRC2012_val_00026182.JPEG
n02509815,ILSVRC2012_val_00026218.JPEG
n02509815,ILSVRC2012_val_00027481.JPEG
n02509815,ILSVRC2012_val_00029144.JPEG
n02509815,ILSVRC2012_val_00031356.JPEG
n02509815,ILSVRC2012_val_00031881.JPEG
n02509815,ILSVRC2012_val_00032088.JPEG
n02509815,ILSVRC2012_val_00032541.JPEG
n02509815,ILSVRC2012_val_00035546.JPEG
n02509815,ILSVRC2012_val_00036330.JPEG
n02509815,ILSVRC2012_val_00036688.JPEG
n02509815,ILSVRC2012_val_00037975.JPEG
n02509815,ILSVRC2012_val_00038134.JPEG
n02509815,ILSVRC2012_val_00040486.JPEG
n02509815,ILSVRC2012_val_00043604.JPEG
n02509815,ILSVRC2012_val_00044625.JPEG
n02509815,ILSVRC2012_val_00045029.JPEG
n02509815,ILSVRC2012_val_00045180.JPEG
n02509815,ILSVRC2012_val_00045640.JPEG
n02536864,ILSVRC2012_val_00002364.JPEG
n02536864,ILSVRC2012_val_00002721.JPEG
n02536864,ILSVRC2012_val_00002859.JPEG
n02536864,ILSVRC2012_val_00002960.JPEG
n02536864,ILSVRC2012_val_00004905.JPEG
n02536864,ILSVRC2012_val_00005190.JPEG
n02536864,ILSVRC2012_val_00006292.JPEG
n02536864,ILSVRC2012_val_00006547.JPEG
n02536864,ILSVRC2012_val_00008059.JPEG
n02536864,ILSVRC2012_val_00009273.JPEG
n02536864,ILSVRC2012_val_00010571.JPEG
n02536864,ILSVRC2012_val_00011228.JPEG
n02536864,ILSVRC2012_val_00015546.JPEG
n02536864,ILSVRC2012_val_00018581.JPEG
n02536864,ILSVRC2012_val_00018813.JPEG
n02536864,ILSVRC2012_val_00018836.JPEG
n02536864,ILSVRC2012_val_00019063.JPEG
n02536864,ILSVRC2012_val_00019489.JPEG
n02536864,ILSVRC2012_val_00019672.JPEG
n02536864,ILSVRC2012_val_00024395.JPEG
n02536864,ILSVRC2012_val_00024768.JPEG
n02536864,ILSVRC2012_val_00025391.JPEG
n02536864,ILSVRC2012_val_00027444.JPEG
n02536864,ILSVRC2012_val_00027799.JPEG
n02536864,ILSVRC2012_val_00028020.JPEG
n02536864,ILSVRC2012_val_00029638.JPEG
n02536864,ILSVRC2012_val_00031741.JPEG
n02536864,ILSVRC2012_val_00032566.JPEG
n02536864,ILSVRC2012_val_00036127.JPEG
n02536864,ILSVRC2012_val_00036472.JPEG
n02536864,ILSVRC2012_val_00037371.JPEG
n02536864,ILSVRC2012_val_00037692.JPEG
n02536864,ILSVRC2012_val_00038475.JPEG
n02536864,ILSVRC2012_val_00040440.JPEG
n02536864,ILSVRC2012_val_00040726.JPEG
n02536864,ILSVRC2012_val_00040765.JPEG
n02536864,ILSVRC2012_val_00040798.JPEG
n02536864,ILSVRC2012_val_00040881.JPEG
n02536864,ILSVRC2012_val_00041344.JPEG
n02536864,ILSVRC2012_val_00044563.JPEG
n02536864,ILSVRC2012_val_00046522.JPEG
n02536864,ILSVRC2012_val_00047174.JPEG
n02536864,ILSVRC2012_val_00047892.JPEG
n02536864,ILSVRC2012_val_00048832.JPEG
n02536864,ILSVRC2012_val_00048920.JPEG
n02536864,ILSVRC2012_val_00048950.JPEG
n02536864,ILSVRC2012_val_00049399.JPEG
n02536864,ILSVRC2012_val_00049727.JPEG
n02536864,ILSVRC2012_val_00049740.JPEG
n02536864,ILSVRC2012_val_00049936.JPEG
n02777292,ILSVRC2012_val_00000494.JPEG
n02777292,ILSVRC2012_val_00003803.JPEG
n02777292,ILSVRC2012_val_00004895.JPEG
n02777292,ILSVRC2012_val_00005105.JPEG
n02777292,ILSVRC2012_val_00007181.JPEG
n02777292,ILSVRC2012_val_00007340.JPEG
n02777292,ILSVRC2012_val_00007385.JPEG
n02777292,ILSVRC2012_val_00009528.JPEG
n02777292,ILSVRC2012_val_00012363.JPEG
n02777292,ILSVRC2012_val_00012479.JPEG
n02777292,ILSVRC2012_val_00013329.JPEG
n02777292,ILSVRC2012_val_00014709.JPEG
n02777292,ILSVRC2012_val_00015365.JPEG
n02777292,ILSVRC2012_val_00015409.JPEG
n02777292,ILSVRC2012_val_00015457.JPEG
n02777292,ILSVRC2012_val_00015680.JPEG
n02777292,ILSVRC2012_val_00015905.JPEG
n02777292,ILSVRC2012_val_00018746.JPEG
n02777292,ILSVRC2012_val_00021216.JPEG
n02777292,ILSVRC2012_val_00021782.JPEG
n02777292,ILSVRC2012_val_00023134.JPEG
n02777292,ILSVRC2012_val_00024313.JPEG
n02777292,ILSVRC2012_val_00024511.JPEG
n02777292,ILSVRC2012_val_00024933.JPEG
n02777292,ILSVRC2012_val_00025695.JPEG
n02777292,ILSVRC2012_val_00025802.JPEG
n02777292,ILSVRC2012_val_00026129.JPEG
n02777292,ILSVRC2012_val_00026347.JPEG
n02777292,ILSVRC2012_val_00026742.JPEG
n02777292,ILSVRC2012_val_00026829.JPEG
n02777292,ILSVRC2012_val_00028054.JPEG
n02777292,ILSVRC2012_val_00028173.JPEG
n02777292,ILSVRC2012_val_00029181.JPEG
n02777292,ILSVRC2012_val_00030267.JPEG
n02777292,ILSVRC2012_val_00030753.JPEG
n02777292,ILSVRC2012_val_00031480.JPEG
n02777292,ILSVRC2012_val_00032435.JPEG
n02777292,ILSVRC2012_val_00032537.JPEG
n02777292,ILSVRC2012_val_00036717.JPEG
n02777292,ILSVRC2012_val_00039129.JPEG
n02777292,ILSVRC2012_val_00041331.JPEG
n02777292,ILSVRC2012_val_00041712.JPEG
n02777292,ILSVRC2012_val_00044467.JPEG
n02777292,ILSVRC2012_val_00045397.JPEG
n02777292,ILSVRC2012_val_00046016.JPEG
n02777292,ILSVRC2012_val_00046766.JPEG
n02777292,ILSVRC2012_val_00047774.JPEG
n02777292,ILSVRC2012_val_00049222.JPEG
n02777292,ILSVRC2012_val_00049777.JPEG
n02777292,ILSVRC2012_val_00049909.JPEG
n02788148,ILSVRC2012_val_00000272.JPEG
n02788148,ILSVRC2012_val_00000584.JPEG
n02788148,ILSVRC2012_val_00002801.JPEG
n02788148,ILSVRC2012_val_00002943.JPEG
n02788148,ILSVRC2012_val_00004094.JPEG
n02788148,ILSVRC2012_val_00005433.JPEG
n02788148,ILSVRC2012_val_00005736.JPEG
n02788148,ILSVRC2012_val_00005769.JPEG
n02788148,ILSVRC2012_val_00006150.JPEG
n02788148,ILSVRC2012_val_00007557.JPEG
n02788148,ILSVRC2012_val_00007566.JPEG
n02788148,ILSVRC2012_val_00009195.JPEG
n02788148,ILSVRC2012_val_00009261.JPEG
n02788148,ILSVRC2012_val_00011307.JPEG
n02788148,ILSVRC2012_val_00012264.JPEG
n02788148,ILSVRC2012_val_00012502.JPEG
n02788148,ILSVRC2012_val_00013013.JPEG
n02788148,ILSVRC2012_val_00013437.JPEG
n02788148,ILSVRC2012_val_00014558.JPEG
n02788148,ILSVRC2012_val_00015834.JPEG
n02788148,ILSVRC2012_val_00016408.JPEG
n02788148,ILSVRC2012_val_00016716.JPEG
n02788148,ILSVRC2012_val_00016975.JPEG
n02788148,ILSVRC2012_val_00017707.JPEG
n02788148,ILSVRC2012_val_00020434.JPEG
n02788148,ILSVRC2012_val_00022424.JPEG
n02788148,ILSVRC2012_val_00023280.JPEG
n02788148,ILSVRC2012_val_00023325.JPEG
n02788148,ILSVRC2012_val_00025392.JPEG
n02788148,ILSVRC2012_val_00027018.JPEG
n02788148,ILSVRC2012_val_00027440.JPEG
n02788148,ILSVRC2012_val_00029432.JPEG
n02788148,ILSVRC2012_val_00031120.JPEG
n02788148,ILSVRC2012_val_00032604.JPEG
n02788148,ILSVRC2012_val_00033275.JPEG
n02788148,ILSVRC2012_val_00033526.JPEG
n02788148,ILSVRC2012_val_00035907.JPEG
n02788148,ILSVRC2012_val_00037594.JPEG
n02788148,ILSVRC2012_val_00037788.JPEG
n02788148,ILSVRC2012_val_00038971.JPEG
n02788148,ILSVRC2012_val_00039546.JPEG
n02788148,ILSVRC2012_val_00039705.JPEG
n02788148,ILSVRC2012_val_00041360.JPEG
n02788148,ILSVRC2012_val_00041467.JPEG
n02788148,ILSVRC2012_val_00044590.JPEG
n02788148,ILSVRC2012_val_00044953.JPEG
n02788148,ILSVRC2012_val_00045260.JPEG
n02788148,ILSVRC2012_val_00048426.JPEG
n02788148,ILSVRC2012_val_00049054.JPEG
n02788148,ILSVRC2012_val_00049098.JPEG
n02795169,ILSVRC2012_val_00000687.JPEG
n02795169,ILSVRC2012_val_00000787.JPEG
n02795169,ILSVRC2012_val_00001377.JPEG
n02795169,ILSVRC2012_val_00001883.JPEG
n02795169,ILSVRC2012_val_00002986.JPEG
n02795169,ILSVRC2012_val_00004057.JPEG
n02795169,ILSVRC2012_val_00004283.JPEG
n02795169,ILSVRC2012_val_00005245.JPEG
n02795169,ILSVRC2012_val_00005570.JPEG
n02795169,ILSVRC2012_val_00006525.JPEG
n02795169,ILSVRC2012_val_00006754.JPEG
n02795169,ILSVRC2012_val_00008205.JPEG
n02795169,ILSVRC2012_val_00008425.JPEG
n02795169,ILSVRC2012_val_00011016.JPEG
n02795169,ILSVRC2012_val_00011533.JPEG
n02795169,ILSVRC2012_val_00011720.JPEG
n02795169,ILSVRC2012_val_00013217.JPEG
n02795169,ILSVRC2012_val_00013332.JPEG
n02795169,ILSVRC2012_val_00013778.JPEG
n02795169,ILSVRC2012_val_00014204.JPEG
n02795169,ILSVRC2012_val_00014520.JPEG
n02795169,ILSVRC2012_val_00014885.JPEG
n02795169,ILSVRC2012_val_00015219.JPEG
n02795169,ILSVRC2012_val_00015371.JPEG
n02795169,ILSVRC2012_val_00016113.JPEG
n02795169,ILSVRC2012_val_00017179.JPEG
n02795169,ILSVRC2012_val_00018351.JPEG
n02795169,ILSVRC2012_val_00018761.JPEG
n02795169,ILSVRC2012_val_00023193.JPEG
n02795169,ILSVRC2012_val_00023608.JPEG
n02795169,ILSVRC2012_val_00025231.JPEG
n02795169,ILSVRC2012_val_00025956.JPEG
n02795169,ILSVRC2012_val_00026180.JPEG
n02795169,ILSVRC2012_val_00027768.JPEG
n02795169,ILSVRC2012_val_00028797.JPEG
n02795169,ILSVRC2012_val_00030281.JPEG
n02795169,ILSVRC2012_val_00031245.JPEG
n02795169,ILSVRC2012_val_00031600.JPEG
n02795169,ILSVRC2012_val_00031883.JPEG
n02795169,ILSVRC2012_val_00034952.JPEG
n02795169,ILSVRC2012_val_00037322.JPEG
n02795169,ILSVRC2012_val_00038485.JPEG
n02795169,ILSVRC2012_val_00040306.JPEG
n02795169,ILSVRC2012_val_00040312.JPEG
n02795169,ILSVRC2012_val_00041781.JPEG
n02795169,ILSVRC2012_val_00041862.JPEG
n02795169,ILSVRC2012_val_00044303.JPEG
n02795169,ILSVRC2012_val_00046794.JPEG
n02795169,ILSVRC2012_val_00047237.JPEG
n02795169,ILSVRC2012_val_00049317.JPEG
n02799071,ILSVRC2012_val_00001468.JPEG
n02799071,ILSVRC2012_val_00003328.JPEG
n02799071,ILSVRC2012_val_00006073.JPEG
n02799071,ILSVRC2012_val_00006600.JPEG
n02799071,ILSVRC2012_val_00007308.JPEG
n02799071,ILSVRC2012_val_00009184.JPEG
n02799071,ILSVRC2012_val_00011097.JPEG
n02799071,ILSVRC2012_val_00011579.JPEG
n02799071,ILSVRC2012_val_00011670.JPEG
n02799071,ILSVRC2012_val_00011795.JPEG
n02799071,ILSVRC2012_val_00012189.JPEG
n02799071,ILSVRC2012_val_00012687.JPEG
n02799071,ILSVRC2012_val_00013261.JPEG
n02799071,ILSVRC2012_val_00017083.JPEG
n02799071,ILSVRC2012_val_00017095.JPEG
n02799071,ILSVRC2012_val_00019591.JPEG
n02799071,ILSVRC2012_val_00020572.JPEG
n02799071,ILSVRC2012_val_00020755.JPEG
n02799071,ILSVRC2012_val_00021134.JPEG
n02799071,ILSVRC2012_val_00021627.JPEG
n02799071,ILSVRC2012_val_00022312.JPEG
n02799071,ILSVRC2012_val_00022766.JPEG
n02799071,ILSVRC2012_val_00023535.JPEG
n02799071,ILSVRC2012_val_00024202.JPEG
n02799071,ILSVRC2012_val_00025233.JPEG
n02799071,ILSVRC2012_val_00026506.JPEG
n02799071,ILSVRC2012_val_00027308.JPEG
n02799071,ILSVRC2012_val_00027589.JPEG
n02799071,ILSVRC2012_val_00027605.JPEG
n02799071,ILSVRC2012_val_00027800.JPEG
n02799071,ILSVRC2012_val_00028899.JPEG
n02799071,ILSVRC2012_val_00033880.JPEG
n02799071,ILSVRC2012_val_00036898.JPEG
n02799071,ILSVRC2012_val_00036973.JPEG
n02799071,ILSVRC2012_val_00037169.JPEG
n02799071,ILSVRC2012_val_00037365.JPEG
n02799071,ILSVRC2012_val_00037478.JPEG
n02799071,ILSVRC2012_val_00037792.JPEG
n02799071,ILSVRC2012_val_00038120.JPEG
n02799071,ILSVRC2012_val_00040705.JPEG
n02799071,ILSVRC2012_val_00041254.JPEG
n02799071,ILSVRC2012_val_00041843.JPEG
n02799071,ILSVRC2012_val_00043101.JPEG
n02799071,ILSVRC2012_val_00043962.JPEG
n02799071,ILSVRC2012_val_00044225.JPEG
n02799071,ILSVRC2012_val_00044650.JPEG
n02799071,ILSVRC2012_val_00045333.JPEG
n02799071,ILSVRC2012_val_00046377.JPEG
n02799071,ILSVRC2012_val_00046471.JPEG
n02799071,ILSVRC2012_val_00048249.JPEG
n02930766,ILSVRC2012_val_00000056.JPEG
n02930766,ILSVRC2012_val_00000431.JPEG
n02930766,ILSVRC2012_val_00000432.JPEG
n02930766,ILSVRC2012_val_00000720.JPEG
n02930766,ILSVRC2012_val_00001093.JPEG
n02930766,ILSVRC2012_val_00003112.JPEG
n02930766,ILSVRC2012_val_00003886.JPEG
n02930766,ILSVRC2012_val_00004197.JPEG
n02930766,ILSVRC2012_val_00005877.JPEG
n02930766,ILSVRC2012_val_00006258.JPEG
n02930766,ILSVRC2012_val_00010637.JPEG
n02930766,ILSVRC2012_val_00012182.JPEG
n02930766,ILSVRC2012_val_00012583.JPEG
n02930766,ILSVRC2012_val_00016645.JPEG
n02930766,ILSVRC2012_val_00017822.JPEG
n02930766,ILSVRC2012_val_00018246.JPEG
n02930766,ILSVRC2012_val_00018744.JPEG
n02930766,ILSVRC2012_val_00019725.JPEG
n02930766,ILSVRC2012_val_00020002.JPEG
n02930766,ILSVRC2012_val_00021301.JPEG
n02930766,ILSVRC2012_val_00021716.JPEG
n02930766,ILSVRC2012_val_00021775.JPEG
n02930766,ILSVRC2012_val_00023507.JPEG
n02930766,ILSVRC2012_val_00024931.JPEG
n02930766,ILSVRC2012_val_00025244.JPEG
n02930766,ILSVRC2012_val_00025657.JPEG
n02930766,ILSVRC2012_val_00026577.JPEG
n02930766,ILSVRC2012_val_00026694.JPEG
n02930766,ILSVRC2012_val_00026747.JPEG
n02930766,ILSVRC2012_val_00029841.JPEG
n02930766,ILSVRC2012_val_00030314.JPEG
n02930766,ILSVRC2012_val_00031878.JPEG
n02930766,ILSVRC2012_val_00034269.JPEG
n02930766,ILSVRC2012_val_00034836.JPEG
n02930766,ILSVRC2012_val_00035012.JPEG
n02930766,ILSVRC2012_val_00035018.JPEG
n02930766,ILSVRC2012_val_00036204.JPEG
n02930766,ILSVRC2012_val_00037652.JPEG
n02930766,ILSVRC2012_val_00038811.JPEG
n02930766,ILSVRC2012_val_00039097.JPEG
n02930766,ILSVRC2012_val_00039250.JPEG
n02930766,ILSVRC2012_val_00040571.JPEG
n02930766,ILSVRC2012_val_00041065.JPEG
n02930766,ILSVRC2012_val_00041873.JPEG
n02930766,ILSVRC2012_val_00041920.JPEG
n02930766,ILSVRC2012_val_00042104.JPEG
n02930766,ILSVRC2012_val_00043903.JPEG
n02930766,ILSVRC2012_val_00044318.JPEG
n02930766,ILSVRC2012_val_00048951.JPEG
n02930766,ILSVRC2012_val_00049552.JPEG
n02963159,ILSVRC2012_val_00000061.JPEG
n02963159,ILSVRC2012_val_00000982.JPEG
n02963159,ILSVRC2012_val_00001299.JPEG
n02963159,ILSVRC2012_val_00002392.JPEG
n02963159,ILSVRC2012_val_00002963.JPEG
n02963159,ILSVRC2012_val_00003338.JPEG
n02963159,ILSVRC2012_val_00003385.JPEG
n02963159,ILSVRC2012_val_00003718.JPEG
n02963159,ILSVRC2012_val_00006655.JPEG
n02963159,ILSVRC2012_val_00007034.JPEG
n02963159,ILSVRC2012_val_00007407.JPEG
n02963159,ILSVRC2012_val_00008307.JPEG
n02963159,ILSVRC2012_val_00009915.JPEG
n02963159,ILSVRC2012_val_00010467.JPEG
n02963159,ILSVRC2012_val_00011194.JPEG
n02963159,ILSVRC2012_val_00012417.JPEG
n02963159,ILSVRC2012_val_00013156.JPEG
n02963159,ILSVRC2012_val_00013562.JPEG
n02963159,ILSVRC2012_val_00013629.JPEG
n02963159,ILSVRC2012_val_00013921.JPEG
n02963159,ILSVRC2012_val_00014228.JPEG
n02963159,ILSVRC2012_val_00014297.JPEG
n02963159,ILSVRC2012_val_00015970.JPEG
n02963159,ILSVRC2012_val_00016246.JPEG
n02963159,ILSVRC2012_val_00019310.JPEG
n02963159,ILSVRC2012_val_00019491.JPEG
n02963159,ILSVRC2012_val_00020081.JPEG
n02963159,ILSVRC2012_val_00022917.JPEG
n02963159,ILSVRC2012_val_00024482.JPEG
n02963159,ILSVRC2012_val_00025850.JPEG
n02963159,ILSVRC2012_val_00028053.JPEG
n02963159,ILSVRC2012_val_00029656.JPEG
n02963159,ILSVRC2012_val_00029879.JPEG
n02963159,ILSVRC2012_val_00030024.JPEG
n02963159,ILSVRC2012_val_00030839.JPEG
n02963159,ILSVRC2012_val_00031701.JPEG
n02963159,ILSVRC2012_val_00034093.JPEG
n02963159,ILSVRC2012_val_00034450.JPEG
n02963159,ILSVRC2012_val_00038207.JPEG
n02963159,ILSVRC2012_val_00038368.JPEG
n02963159,ILSVRC2012_val_00038532.JPEG
n02963159,ILSVRC2012_val_00038892.JPEG
n02963159,ILSVRC2012_val_00039003.JPEG
n02963159,ILSVRC2012_val_00041988.JPEG
n02963159,ILSVRC2012_val_00044638.JPEG
n02963159,ILSVRC2012_val_00045038.JPEG
n02963159,ILSVRC2012_val_00046157.JPEG
n02963159,ILSVRC2012_val_00047269.JPEG
n02963159,ILSVRC2012_val_00048312.JPEG
n02963159,ILSVRC2012_val_00049556.JPEG
n02981792,ILSVRC2012_val_00000402.JPEG
n02981792,ILSVRC2012_val_00001063.JPEG
n02981792,ILSVRC2012_val_00001171.JPEG
n02981792,ILSVRC2012_val_00001282.JPEG
n02981792,ILSVRC2012_val_00004218.JPEG
n02981792,ILSVRC2012_val_00005928.JPEG
n02981792,ILSVRC2012_val_00006558.JPEG
n02981792,ILSVRC2012_val_00009060.JPEG
n02981792,ILSVRC2012_val_00009253.JPEG
n02981792,ILSVRC2012_val_00009517.JPEG
n02981792,ILSVRC2012_val_00010769.JPEG
n02981792,ILSVRC2012_val_00011334.JPEG
n02981792,ILSVRC2012_val_00012114.JPEG
n02981792,ILSVRC2012_val_00012592.JPEG
n02981792,ILSVRC2012_val_00013181.JPEG
n02981792,ILSVRC2012_val_00014291.JPEG
n02981792,ILSVRC2012_val_00015278.JPEG
n02981792,ILSVRC2012_val_00015708.JPEG
n02981792,ILSVRC2012_val_00017488.JPEG
n02981792,ILSVRC2012_val_00017536.JPEG
n02981792,ILSVRC2012_val_00019341.JPEG
n02981792,ILSVRC2012_val_00019980.JPEG
n02981792,ILSVRC2012_val_00020540.JPEG
n02981792,ILSVRC2012_val_00020590.JPEG
n02981792,ILSVRC2012_val_00020935.JPEG
n02981792,ILSVRC2012_val_00021210.JPEG
n02981792,ILSVRC2012_val_00028215.JPEG
n02981792,ILSVRC2012_val_00028251.JPEG
n02981792,ILSVRC2012_val_00028975.JPEG
n02981792,ILSVRC2012_val_00029868.JPEG
n02981792,ILSVRC2012_val_00032462.JPEG
n02981792,ILSVRC2012_val_00032901.JPEG
n02981792,ILSVRC2012_val_00033153.JPEG
n02981792,ILSVRC2012_val_00034585.JPEG
n02981792,ILSVRC2012_val_00035231.JPEG
n02981792,ILSVRC2012_val_00035486.JPEG
n02981792,ILSVRC2012_val_00036367.JPEG
n02981792,ILSVRC2012_val_00037862.JPEG
n02981792,ILSVRC2012_val_00039305.JPEG
n02981792,ILSVRC2012_val_00042036.JPEG
n02981792,ILSVRC2012_val_00042944.JPEG
n02981792,ILSVRC2012_val_00043094.JPEG
n02981792,ILSVRC2012_val_00043109.JPEG
n02981792,ILSVRC2012_val_00043460.JPEG
n02981792,ILSVRC2012_val_00043754.JPEG
n02981792,ILSVRC2012_val_00044083.JPEG
n02981792,ILSVRC2012_val_00044495.JPEG
n02981792,ILSVRC2012_val_00046540.JPEG
n02981792,ILSVRC2012_val_00046898.JPEG
n02981792,ILSVRC2012_val_00049543.JPEG
n02992529,ILSVRC2012_val_00000089.JPEG
n02992529,ILSVRC2012_val_00000257.JPEG
n02992529,ILSVRC2012_val_00002114.JPEG
n02992529,ILSVRC2012_val_00003469.JPEG
n02992529,ILSVRC2012_val_00004117.JPEG
n02992529,ILSVRC2012_val_00005688.JPEG
n02992529,ILSVRC2012_val_00005705.JPEG
n02992529,ILSVRC2012_val_00006156.JPEG
n02992529,ILSVRC2012_val_00008314.JPEG
n02992529,ILSVRC2012_val_00008541.JPEG
n02992529,ILSVRC2012_val_00008583.JPEG
n02992529,ILSVRC2012_val_00010101.JPEG
n02992529,ILSVRC2012_val_00010353.JPEG
n02992529,ILSVRC2012_val_00010737.JPEG
n02992529,ILSVRC2012_val_00010788.JPEG
n02992529,ILSVRC2012_val_00011346.JPEG
n02992529,ILSVRC2012_val_00011809.JPEG
n02992529,ILSVRC2012_val_00013031.JPEG
n02992529,ILSVRC2012_val_00014562.JPEG
n02992529,ILSVRC2012_val_00016828.JPEG
n02992529,ILSVRC2012_val_00017262.JPEG
n02992529,ILSVRC2012_val_00017833.JPEG
n02992529,ILSVRC2012_val_00019685.JPEG
n02992529,ILSVRC2012_val_00020206.JPEG
n02992529,ILSVRC2012_val_00020233.JPEG
n02992529,ILSVRC2012_val_00023929.JPEG
n02992529,ILSVRC2012_val_00024979.JPEG
n02992529,ILSVRC2012_val_00026822.JPEG
n02992529,ILSVRC2012_val_00028116.JPEG
n02992529,ILSVRC2012_val_00028501.JPEG
n02992529,ILSVRC2012_val_00030872.JPEG
n02992529,ILSVRC2012_val_00031438.JPEG
n02992529,ILSVRC2012_val_00032046.JPEG
n02992529,ILSVRC2012_val_00033180.JPEG
n02992529,ILSVRC2012_val_00033654.JPEG
n02992529,ILSVRC2012_val_00034755.JPEG
n02992529,ILSVRC2012_val_00035610.JPEG
n02992529,ILSVRC2012_val_00036024.JPEG
n02992529,ILSVRC2012_val_00037257.JPEG
n02992529,ILSVRC2012_val_00039245.JPEG
n02992529,ILSVRC2012_val_00039425.JPEG
n02992529,ILSVRC2012_val_00039592.JPEG
n02992529,ILSVRC2012_val_00039932.JPEG
n02992529,ILSVRC2012_val_00043042.JPEG
n02992529,ILSVRC2012_val_00045128.JPEG
n02992529,ILSVRC2012_val_00046512.JPEG
n02992529,ILSVRC2012_val_00046613.JPEG
n02992529,ILSVRC2012_val_00047006.JPEG
n02992529,ILSVRC2012_val_00047946.JPEG
n02992529,ILSVRC2012_val_00049503.JPEG
n03014705,ILSVRC2012_val_00001168.JPEG
n03014705,ILSVRC2012_val_00001552.JPEG
n03014705,ILSVRC2012_val_00001810.JPEG
n03014705,ILSVRC2012_val_00002535.JPEG
n03014705,ILSVRC2012_val_00003062.JPEG
n03014705,ILSVRC2012_val_00003093.JPEG
n03014705,ILSVRC2012_val_00003447.JPEG
n03014705,ILSVRC2012_val_00003911.JPEG
n03014705,ILSVRC2012_val_00004445.JPEG
n03014705,ILSVRC2012_val_00008418.JPEG
n03014705,ILSVRC2012_val_00009540.JPEG
n03014705,ILSVRC2012_val_00009792.JPEG
n03014705,ILSVRC2012_val_00011418.JPEG
n03014705,ILSVRC2012_val_00012144.JPEG
n03014705,ILSVRC2012_val_00013294.JPEG
n03014705,ILSVRC2012_val_00015177.JPEG
n03014705,ILSVRC2012_val_00015892.JPEG
n03014705,ILSVRC2012_val_00016750.JPEG
n03014705,ILSVRC2012_val_00017258.JPEG
n03014705,ILSVRC2012_val_00017308.JPEG
n03014705,ILSVRC2012_val_00018061.JPEG
n03014705,ILSVRC2012_val_00018166.JPEG
n03014705,ILSVRC2012_val_00018540.JPEG
n03014705,ILSVRC2012_val_00019319.JPEG
n03014705,ILSVRC2012_val_00020396.JPEG
n03014705,ILSVRC2012_val_00020860.JPEG
n03014705,ILSVRC2012_val_00021169.JPEG
n03014705,ILSVRC2012_val_00023245.JPEG
n03014705,ILSVRC2012_val_00024442.JPEG
n03014705,ILSVRC2012_val_00029640.JPEG
n03014705,ILSVRC2012_val_00032497.JPEG
n03014705,ILSVRC2012_val_00032512.JPEG
n03014705,ILSVRC2012_val_00034615.JPEG
n03014705,ILSVRC2012_val_00037817.JPEG
n03014705,ILSVRC2012_val_00037984.JPEG
n03014705,ILSVRC2012_val_00038148.JPEG
n03014705,ILSVRC2012_val_00038407.JPEG
n03014705,ILSVRC2012_val_00038968.JPEG
n03014705,ILSVRC2012_val_00041074.JPEG
n03014705,ILSVRC2012_val_00041519.JPEG
n03014705,ILSVRC2012_val_00042636.JPEG
n03014705,ILSVRC2012_val_00043327.JPEG
n03014705,ILSVRC2012_val_00043523.JPEG
n03014705,ILSVRC2012_val_00044628.JPEG
n03014705,ILSVRC2012_val_00044754.JPEG
n03014705,ILSVRC2012_val_00045992.JPEG
n03014705,ILSVRC2012_val_00047739.JPEG
n03014705,ILSVRC2012_val_00048599.JPEG
n03014705,ILSVRC2012_val_00049658.JPEG
n03014705,ILSVRC2012_val_00049689.JPEG
n03032252,ILSVRC2012_val_00000086.JPEG
n03032252,ILSVRC2012_val_00000532.JPEG
n03032252,ILSVRC2012_val_00000738.JPEG
n03032252,ILSVRC2012_val_00001894.JPEG
n03032252,ILSVRC2012_val_00002586.JPEG
n03032252,ILSVRC2012_val_00003453.JPEG
n03032252,ILSVRC2012_val_00004807.JPEG
n03032252,ILSVRC2012_val_00006003.JPEG
n03032252,ILSVRC2012_val_00006188.JPEG
n03032252,ILSVRC2012_val_00007133.JPEG
n03032252,ILSVRC2012_val_00012487.JPEG
n03032252,ILSVRC2012_val_00014372.JPEG
n03032252,ILSVRC2012_val_00014990.JPEG
n03032252,ILSVRC2012_val_00015013.JPEG
n03032252,ILSVRC2012_val_00015370.JPEG
n03032252,ILSVRC2012_val_00016574.JPEG
n03032252,ILSVRC2012_val_00017001.JPEG
n03032252,ILSVRC2012_val_00019878.JPEG
n03032252,ILSVRC2012_val_00019898.JPEG
n03032252,ILSVRC2012_val_00020549.JPEG
n03032252,ILSVRC2012_val_00022304.JPEG
n03032252,ILSVRC2012_val_00022945.JPEG
n03032252,ILSVRC2012_val_00024311.JPEG
n03032252,ILSVRC2012_val_00025054.JPEG
n03032252,ILSVRC2012_val_00025487.JPEG
n03032252,ILSVRC2012_val_00025735.JPEG
n03032252,ILSVRC2012_val_00026473.JPEG
n03032252,ILSVRC2012_val_00027487.JPEG
n03032252,ILSVRC2012_val_00027725.JPEG
n03032252,ILSVRC2012_val_00028502.JPEG
n03032252,ILSVRC2012_val_00028637.JPEG
n03032252,ILSVRC2012_val_00029305.JPEG
n03032252,ILSVRC2012_val_00030652.JPEG
n03032252,ILSVRC2012_val_00030890.JPEG
n03032252,ILSVRC2012_val_00031248.JPEG
n03032252,ILSVRC2012_val_00034561.JPEG
n03032252,ILSVRC2012_val_00034704.JPEG
n03032252,ILSVRC2012_val_00034810.JPEG
n03032252,ILSVRC2012_val_00036856.JPEG
n03032252,ILSVRC2012_val_00037675.JPEG
n03032252,ILSVRC2012_val_00040393.JPEG
n03032252,ILSVRC2012_val_00040566.JPEG
n03032252,ILSVRC2012_val_00040840.JPEG
n03032252,ILSVRC2012_val_00041956.JPEG
n03032252,ILSVRC2012_val_00041963.JPEG
n03032252,ILSVRC2012_val_00042815.JPEG
n03032252,ILSVRC2012_val_00046675.JPEG
n03032252,ILSVRC2012_val_00046956.JPEG
n03032252,ILSVRC2012_val_00047360.JPEG
n03032252,ILSVRC2012_val_00047771.JPEG
n03045698,ILSVRC2012_val_00000750.JPEG
n03045698,ILSVRC2012_val_00000848.JPEG
n03045698,ILSVRC2012_val_00003717.JPEG
n03045698,ILSVRC2012_val_00004414.JPEG
n03045698,ILSVRC2012_val_00004796.JPEG
n03045698,ILSVRC2012_val_00008369.JPEG
n03045698,ILSVRC2012_val_00008841.JPEG
n03045698,ILSVRC2012_val_00008980.JPEG
n03045698,ILSVRC2012_val_00010803.JPEG
n03045698,ILSVRC2012_val_00013709.JPEG
n03045698,ILSVRC2012_val_00016939.JPEG
n03045698,ILSVRC2012_val_00018391.JPEG
n03045698,ILSVRC2012_val_00019188.JPEG
n03045698,ILSVRC2012_val_00019992.JPEG
n03045698,ILSVRC2012_val_00021420.JPEG
n03045698,ILSVRC2012_val_00021996.JPEG
n03045698,ILSVRC2012_val_00022368.JPEG
n03045698,ILSVRC2012_val_00023447.JPEG
n03045698,ILSVRC2012_val_00023868.JPEG
n03045698,ILSVRC2012_val_00024111.JPEG
n03045698,ILSVRC2012_val_00025105.JPEG
n03045698,ILSVRC2012_val_00025751.JPEG
n03045698,ILSVRC2012_val_00026169.JPEG
n03045698,ILSVRC2012_val_00026357.JPEG
n03045698,ILSVRC2012_val_00026552.JPEG
n03045698,ILSVRC2012_val_00027135.JPEG
n03045698,ILSVRC2012_val_00029544.JPEG
n03045698,ILSVRC2012_val_00030421.JPEG
n03045698,ILSVRC2012_val_00031496.JPEG
n03045698,ILSVRC2012_val_00032024.JPEG
n03045698,ILSVRC2012_val_00033789.JPEG
n03045698,ILSVRC2012_val_00033914.JPEG
n03045698,ILSVRC2012_val_00036947.JPEG
n03045698,ILSVRC2012_val_00037398.JPEG
n03045698,ILSVRC2012_val_00037760.JPEG
n03045698,ILSVRC2012_val_00038472.JPEG
n03045698,ILSVRC2012_val_00038702.JPEG
n03045698,ILSVRC2012_val_00040125.JPEG
n03045698,ILSVRC2012_val_00040370.JPEG
n03045698,ILSVRC2012_val_00041131.JPEG
n03045698,ILSVRC2012_val_00041268.JPEG
n03045698,ILSVRC2012_val_00041598.JPEG
n03045698,ILSVRC2012_val_00042333.JPEG
n03045698,ILSVRC2012_val_00042817.JPEG
n03045698,ILSVRC2012_val_00043446.JPEG
n03045698,ILSVRC2012_val_00044669.JPEG
n03045698,ILSVRC2012_val_00045119.JPEG
n03045698,ILSVRC2012_val_00045792.JPEG
n03045698,ILSVRC2012_val_00046955.JPEG
n03045698,ILSVRC2012_val_00049579.JPEG
n03110669,ILSVRC2012_val_00002171.JPEG
n03110669,ILSVRC2012_val_00002547.JPEG
n03110669,ILSVRC2012_val_00004054.JPEG
n03110669,ILSVRC2012_val_00004350.JPEG
n03110669,ILSVRC2012_val_00007359.JPEG
n03110669,ILSVRC2012_val_00007427.JPEG
n03110669,ILSVRC2012_val_00008033.JPEG
n03110669,ILSVRC2012_val_00008298.JPEG
n03110669,ILSVRC2012_val_00008380.JPEG
n03110669,ILSVRC2012_val_00011620.JPEG
n03110669,ILSVRC2012_val_00013373.JPEG
n03110669,ILSVRC2012_val_00013454.JPEG
n03110669,ILSVRC2012_val_00013587.JPEG
n03110669,ILSVRC2012_val_00013933.JPEG
n03110669,ILSVRC2012_val_00014906.JPEG
n03110669,ILSVRC2012_val_00014951.JPEG
n03110669,ILSVRC2012_val_00015238.JPEG
n03110669,ILSVRC2012_val_00015331.JPEG
n03110669,ILSVRC2012_val_00015433.JPEG
n03110669,ILSVRC2012_val_00016017.JPEG
n03110669,ILSVRC2012_val_00016723.JPEG
n03110669,ILSVRC2012_val_00017037.JPEG
n03110669,ILSVRC2012_val_00018886.JPEG
n03110669,ILSVRC2012_val_00020782.JPEG
n03110669,ILSVRC2012_val_00020854.JPEG
n03110669,ILSVRC2012_val_00020904.JPEG
n03110669,ILSVRC2012_val_00023807.JPEG
n03110669,ILSVRC2012_val_00024650.JPEG
n03110669,ILSVRC2012_val_00025733.JPEG
n03110669,ILSVRC2012_val_00028681.JPEG
n03110669,ILSVRC2012_val_00030597.JPEG
n03110669,ILSVRC2012_val_00030931.JPEG
n03110669,ILSVRC2012_val_00031849.JPEG
n03110669,ILSVRC2012_val_00032199.JPEG
n03110669,ILSVRC2012_val_00032478.JPEG
n03110669,ILSVRC2012_val_00032914.JPEG
n03110669,ILSVRC2012_val_00034594.JPEG
n03110669,ILSVRC2012_val_00037326.JPEG
n03110669,ILSVRC2012_val_00037364.JPEG
n03110669,ILSVRC2012_val_00037637.JPEG
n03110669,ILSVRC2012_val_00038682.JPEG
n03110669,ILSVRC2012_val_00038881.JPEG
n03110669,ILSVRC2012_val_00040493.JPEG
n03110669,ILSVRC2012_val_00042107.JPEG
n03110669,ILSVRC2012_val_00044886.JPEG
n03110669,ILSVRC2012_val_00046216.JPEG
n03110669,ILSVRC2012_val_00047890.JPEG
n03110669,ILSVRC2012_val_00048456.JPEG
n03110669,ILSVRC2012_val_00048631.JPEG
n03110669,ILSVRC2012_val_00048637.JPEG
n03146219,ILSVRC2012_val_00000730.JPEG
n03146219,ILSVRC2012_val_00000823.JPEG
n03146219,ILSVRC2012_val_00002250.JPEG
n03146219,ILSVRC2012_val_00003165.JPEG
n03146219,ILSVRC2012_val_00003217.JPEG
n03146219,ILSVRC2012_val_00004138.JPEG
n03146219,ILSVRC2012_val_00004250.JPEG
n03146219,ILSVRC2012_val_00005956.JPEG
n03146219,ILSVRC2012_val_00006706.JPEG
n03146219,ILSVRC2012_val_00008790.JPEG
n03146219,ILSVRC2012_val_00009207.JPEG
n03146219,ILSVRC2012_val_00009319.JPEG
n03146219,ILSVRC2012_val_00009449.JPEG
n03146219,ILSVRC2012_val_00012034.JPEG
n03146219,ILSVRC2012_val_00014672.JPEG
n03146219,ILSVRC2012_val_00014897.JPEG
n03146219,ILSVRC2012_val_00016274.JPEG
n03146219,ILSVRC2012_val_00017297.JPEG
n03146219,ILSVRC2012_val_00019232.JPEG
n03146219,ILSVRC2012_val_00020186.JPEG
n03146219,ILSVRC2012_val_00021682.JPEG
n03146219,ILSVRC2012_val_00021827.JPEG
n03146219,ILSVRC2012_val_00023457.JPEG
n03146219,ILSVRC2012_val_00023873.JPEG
n03146219,ILSVRC2012_val_00023917.JPEG
n03146219,ILSVRC2012_val_00026209.JPEG
n03146219,ILSVRC2012_val_00026216.JPEG
n03146219,ILSVRC2012_val_00026460.JPEG
n03146219,ILSVRC2012_val_00027166.JPEG
n03146219,ILSVRC2012_val_00027260.JPEG
n03146219,ILSVRC2012_val_00028726.JPEG
n03146219,ILSVRC2012_val_00033416.JPEG
n03146219,ILSVRC2012_val_00034278.JPEG
n03146219,ILSVRC2012_val_00034509.JPEG
n03146219,ILSVRC2012_val_00036246.JPEG
n03146219,ILSVRC2012_val_00036276.JPEG
n03146219,ILSVRC2012_val_00036632.JPEG
n03146219,ILSVRC2012_val_00036983.JPEG
n03146219,ILSVRC2012_val_00036992.JPEG
n03146219,ILSVRC2012_val_00037168.JPEG
n03146219,ILSVRC2012_val_00043567.JPEG
n03146219,ILSVRC2012_val_00043630.JPEG
n03146219,ILSVRC2012_val_00045213.JPEG
n03146219,ILSVRC2012_val_00045290.JPEG
n03146219,ILSVRC2012_val_00045339.JPEG
n03146219,ILSVRC2012_val_00045364.JPEG
n03146219,ILSVRC2012_val_00045570.JPEG
n03146219,ILSVRC2012_val_00048085.JPEG
n03146219,ILSVRC2012_val_00048405.JPEG
n03146219,ILSVRC2012_val_00049883.JPEG
n03179701,ILSVRC2012_val_00000777.JPEG
n03179701,ILSVRC2012_val_00003229.JPEG
n03179701,ILSVRC2012_val_00003559.JPEG
n03179701,ILSVRC2012_val_00004410.JPEG
n03179701,ILSVRC2012_val_00005013.JPEG
n03179701,ILSVRC2012_val_00006423.JPEG
n03179701,ILSVRC2012_val_00006665.JPEG
n03179701,ILSVRC2012_val_00008332.JPEG
n03179701,ILSVRC2012_val_00008518.JPEG
n03179701,ILSVRC2012_val_00011003.JPEG
n03179701,ILSVRC2012_val_00011207.JPEG
n03179701,ILSVRC2012_val_00011480.JPEG
n03179701,ILSVRC2012_val_00012239.JPEG
n03179701,ILSVRC2012_val_00012426.JPEG
n03179701,ILSVRC2012_val_00014821.JPEG
n03179701,ILSVRC2012_val_00016189.JPEG
n03179701,ILSVRC2012_val_00016251.JPEG
n03179701,ILSVRC2012_val_00018682.JPEG
n03179701,ILSVRC2012_val_00019796.JPEG
n03179701,ILSVRC2012_val_00020776.JPEG
n03179701,ILSVRC2012_val_00021078.JPEG
n03179701,ILSVRC2012_val_00022464.JPEG
n03179701,ILSVRC2012_val_00024153.JPEG
n03179701,ILSVRC2012_val_00024879.JPEG
n03179701,ILSVRC2012_val_00025420.JPEG
n03179701,ILSVRC2012_val_00026204.JPEG
n03179701,ILSVRC2012_val_00026624.JPEG
n03179701,ILSVRC2012_val_00026895.JPEG
n03179701,ILSVRC2012_val_00027505.JPEG
n03179701,ILSVRC2012_val_00028157.JPEG
n03179701,ILSVRC2012_val_00030981.JPEG
n03179701,ILSVRC2012_val_00031607.JPEG
n03179701,ILSVRC2012_val_00032085.JPEG
n03179701,ILSVRC2012_val_00032198.JPEG
n03179701,ILSVRC2012_val_00032302.JPEG
n03179701,ILSVRC2012_val_00033875.JPEG
n03179701,ILSVRC2012_val_00036160.JPEG
n03179701,ILSVRC2012_val_00036651.JPEG
n03179701,ILSVRC2012_val_00037234.JPEG
n03179701,ILSVRC2012_val_00037458.JPEG
n03179701,ILSVRC2012_val_00038357.JPEG
n03179701,ILSVRC2012_val_00040102.JPEG
n03179701,ILSVRC2012_val_00042089.JPEG
n03179701,ILSVRC2012_val_00042885.JPEG
n03179701,ILSVRC2012_val_00043335.JPEG
n03179701,ILSVRC2012_val_00044652.JPEG
n03179701,ILSVRC2012_val_00044861.JPEG
n03179701,ILSVRC2012_val_00046652.JPEG
n03179701,ILSVRC2012_val_00047051.JPEG
n03179701,ILSVRC2012_val_00049150.JPEG
n03240683,ILSVRC2012_val_00000504.JPEG
n03240683,ILSVRC2012_val_00002008.JPEG
n03240683,ILSVRC2012_val_00002703.JPEG
n03240683,ILSVRC2012_val_00002886.JPEG
n03240683,ILSVRC2012_val_00005445.JPEG
n03240683,ILSVRC2012_val_00005973.JPEG
n03240683,ILSVRC2012_val_00007159.JPEG
n03240683,ILSVRC2012_val_00007838.JPEG
n03240683,ILSVRC2012_val_00008795.JPEG
n03240683,ILSVRC2012_val_00009458.JPEG
n03240683,ILSVRC2012_val_00009606.JPEG
n03240683,ILSVRC2012_val_00010303.JPEG
n03240683,ILSVRC2012_val_00011470.JPEG
n03240683,ILSVRC2012_val_00011582.JPEG
n03240683,ILSVRC2012_val_00012597.JPEG
n03240683,ILSVRC2012_val_00015850.JPEG
n03240683,ILSVRC2012_val_00016893.JPEG
n03240683,ILSVRC2012_val_00017324.JPEG
n03240683,ILSVRC2012_val_00017475.JPEG
n03240683,ILSVRC2012_val_00018696.JPEG
n03240683,ILSVRC2012_val_00019875.JPEG
n03240683,ILSVRC2012_val_00020244.JPEG
n03240683,ILSVRC2012_val_00020821.JPEG
n03240683,ILSVRC2012_val_00022135.JPEG
n03240683,ILSVRC2012_val_00023790.JPEG
n03240683,ILSVRC2012_val_00025593.JPEG
n03240683,ILSVRC2012_val_00025774.JPEG
n03240683,ILSVRC2012_val_00026019.JPEG
n03240683,ILSVRC2012_val_00026560.JPEG
n03240683,ILSVRC2012_val_00029583.JPEG
n03240683,ILSVRC2012_val_00030742.JPEG
n03240683,ILSVRC2012_val_00031181.JPEG
n03240683,ILSVRC2012_val_00034447.JPEG
n03240683,ILSVRC2012_val_00035038.JPEG
n03240683,ILSVRC2012_val_00035099.JPEG
n03240683,ILSVRC2012_val_00035210.JPEG
n03240683,ILSVRC2012_val_00035522.JPEG
n03240683,ILSVRC2012_val_00035567.JPEG
n03240683,ILSVRC2012_val_00036010.JPEG
n03240683,ILSVRC2012_val_00037293.JPEG
n03240683,ILSVRC2012_val_00037868.JPEG
n03240683,ILSVRC2012_val_00039965.JPEG
n03240683,ILSVRC2012_val_00040675.JPEG
n03240683,ILSVRC2012_val_00042101.JPEG
n03240683,ILSVRC2012_val_00042185.JPEG
n03240683,ILSVRC2012_val_00044840.JPEG
n03240683,ILSVRC2012_val_00045812.JPEG
n03240683,ILSVRC2012_val_00048497.JPEG
n03240683,ILSVRC2012_val_00049209.JPEG
n03240683,ILSVRC2012_val_00049887.JPEG
n03249569,ILSVRC2012_val_00001609.JPEG
n03249569,ILSVRC2012_val_00001972.JPEG
n03249569,ILSVRC2012_val_00002043.JPEG
n03249569,ILSVRC2012_val_00002871.JPEG
n03249569,ILSVRC2012_val_00002905.JPEG
n03249569,ILSVRC2012_val_00003719.JPEG
n03249569,ILSVRC2012_val_00004534.JPEG
n03249569,ILSVRC2012_val_00005690.JPEG
n03249569,ILSVRC2012_val_00006656.JPEG
n03249569,ILSVRC2012_val_00006936.JPEG
n03249569,ILSVRC2012_val_00008036.JPEG
n03249569,ILSVRC2012_val_00008777.JPEG
n03249569,ILSVRC2012_val_00008793.JPEG
n03249569,ILSVRC2012_val_00008797.JPEG
n03249569,ILSVRC2012_val_00010316.JPEG
n03249569,ILSVRC2012_val_00010381.JPEG
n03249569,ILSVRC2012_val_00012704.JPEG
n03249569,ILSVRC2012_val_00013953.JPEG
n03249569,ILSVRC2012_val_00013981.JPEG
n03249569,ILSVRC2012_val_00014089.JPEG
n03249569,ILSVRC2012_val_00014756.JPEG
n03249569,ILSVRC2012_val_00015169.JPEG
n03249569,ILSVRC2012_val_00015337.JPEG
n03249569,ILSVRC2012_val_00016663.JPEG
n03249569,ILSVRC2012_val_00016762.JPEG
n03249569,ILSVRC2012_val_00020266.JPEG
n03249569,ILSVRC2012_val_00020534.JPEG
n03249569,ILSVRC2012_val_00020695.JPEG
n03249569,ILSVRC2012_val_00021326.JPEG
n03249569,ILSVRC2012_val_00021702.JPEG
n03249569,ILSVRC2012_val_00024017.JPEG
n03249569,ILSVRC2012_val_00025797.JPEG
n03249569,ILSVRC2012_val_00026291.JPEG
n03249569,ILSVRC2012_val_00027746.JPEG
n03249569,ILSVRC2012_val_00028166.JPEG
n03249569,ILSVRC2012_val_00028973.JPEG
n03249569,ILSVRC2012_val_00029379.JPEG
n03249569,ILSVRC2012_val_00030646.JPEG
n03249569,ILSVRC2012_val_00030864.JPEG
n03249569,ILSVRC2012_val_00034434.JPEG
n03249569,ILSVRC2012_val_00040561.JPEG
n03249569,ILSVRC2012_val_00041006.JPEG
n03249569,ILSVRC2012_val_00041425.JPEG
n03249569,ILSVRC2012_val_00041539.JPEG
n03249569,ILSVRC2012_val_00043056.JPEG
n03249569,ILSVRC2012_val_00043224.JPEG
n03249569,ILSVRC2012_val_00043237.JPEG
n03249569,ILSVRC2012_val_00044498.JPEG
n03249569,ILSVRC2012_val_00044932.JPEG
n03249569,ILSVRC2012_val_00047468.JPEG
n03344393,ILSVRC2012_val_00000288.JPEG
n03344393,ILSVRC2012_val_00001859.JPEG
n03344393,ILSVRC2012_val_00005918.JPEG
n03344393,ILSVRC2012_val_00006748.JPEG
n03344393,ILSVRC2012_val_00007503.JPEG
n03344393,ILSVRC2012_val_00007731.JPEG
n03344393,ILSVRC2012_val_00007736.JPEG
n03344393,ILSVRC2012_val_00008048.JPEG
n03344393,ILSVRC2012_val_00009154.JPEG
n03344393,ILSVRC2012_val_00009788.JPEG
n03344393,ILSVRC2012_val_00011292.JPEG
n03344393,ILSVRC2012_val_00011769.JPEG
n03344393,ILSVRC2012_val_00013124.JPEG
n03344393,ILSVRC2012_val_00013366.JPEG
n03344393,ILSVRC2012_val_00013632.JPEG
n03344393,ILSVRC2012_val_00013961.JPEG
n03344393,ILSVRC2012_val_00015277.JPEG
n03344393,ILSVRC2012_val_00016565.JPEG
n03344393,ILSVRC2012_val_00016655.JPEG
n03344393,ILSVRC2012_val_00017026.JPEG
n03344393,ILSVRC2012_val_00017176.JPEG
n03344393,ILSVRC2012_val_00017413.JPEG
n03344393,ILSVRC2012_val_00018158.JPEG
n03344393,ILSVRC2012_val_00018727.JPEG
n03344393,ILSVRC2012_val_00020283.JPEG
n03344393,ILSVRC2012_val_00020486.JPEG
n03344393,ILSVRC2012_val_00021948.JPEG
n03344393,ILSVRC2012_val_00022927.JPEG
n03344393,ILSVRC2012_val_00025681.JPEG
n03344393,ILSVRC2012_val_00026507.JPEG
n03344393,ILSVRC2012_val_00026840.JPEG
n03344393,ILSVRC2012_val_00027612.JPEG
n03344393,ILSVRC2012_val_00034455.JPEG
n03344393,ILSVRC2012_val_00035946.JPEG
n03344393,ILSVRC2012_val_00037602.JPEG
n03344393,ILSVRC2012_val_00039559.JPEG
n03344393,ILSVRC2012_val_00041736.JPEG
n03344393,ILSVRC2012_val_00041935.JPEG
n03344393,ILSVRC2012_val_00042163.JPEG
n03344393,ILSVRC2012_val_00042164.JPEG
n03344393,ILSVRC2012_val_00043328.JPEG
n03344393,ILSVRC2012_val_00043502.JPEG
n03344393,ILSVRC2012_val_00044569.JPEG
n03344393,ILSVRC2012_val_00045522.JPEG
n03344393,ILSVRC2012_val_00046326.JPEG
n03344393,ILSVRC2012_val_00046357.JPEG
n03344393,ILSVRC2012_val_00046561.JPEG
n03344393,ILSVRC2012_val_00047961.JPEG
n03344393,ILSVRC2012_val_00048349.JPEG
n03344393,ILSVRC2012_val_00048371.JPEG
n03388043,ILSVRC2012_val_00001018.JPEG
n03388043,ILSVRC2012_val_00001350.JPEG
n03388043,ILSVRC2012_val_00002019.JPEG
n03388043,ILSVRC2012_val_00004673.JPEG
n03388043,ILSVRC2012_val_00005961.JPEG
n03388043,ILSVRC2012_val_00006101.JPEG
n03388043,ILSVRC2012_val_00006134.JPEG
n03388043,ILSVRC2012_val_00008199.JPEG
n03388043,ILSVRC2012_val_00008290.JPEG
n03388043,ILSVRC2012_val_00010347.JPEG
n03388043,ILSVRC2012_val_00011075.JPEG
n03388043,ILSVRC2012_val_00013530.JPEG
n03388043,ILSVRC2012_val_00014516.JPEG
n03388043,ILSVRC2012_val_00014682.JPEG
n03388043,ILSVRC2012_val_00016149.JPEG
n03388043,ILSVRC2012_val_00016406.JPEG
n03388043,ILSVRC2012_val_00016719.JPEG
n03388043,ILSVRC2012_val_00017412.JPEG
n03388043,ILSVRC2012_val_00019659.JPEG
n03388043,ILSVRC2012_val_00023376.JPEG
n03388043,ILSVRC2012_val_00023645.JPEG
n03388043,ILSVRC2012_val_00024641.JPEG
n03388043,ILSVRC2012_val_00024660.JPEG
n03388043,ILSVRC2012_val_00025123.JPEG
n03388043,ILSVRC2012_val_00027467.JPEG
n03388043,ILSVRC2012_val_00027711.JPEG
n03388043,ILSVRC2012_val_00027960.JPEG
n03388043,ILSVRC2012_val_00028511.JPEG
n03388043,ILSVRC2012_val_00028934.JPEG
n03388043,ILSVRC2012_val_00029752.JPEG
n03388043,ILSVRC2012_val_00030194.JPEG
n03388043,ILSVRC2012_val_00030286.JPEG
n03388043,ILSVRC2012_val_00030720.JPEG
n03388043,ILSVRC2012_val_00031009.JPEG
n03388043,ILSVRC2012_val_00032020.JPEG
n03388043,ILSVRC2012_val_00034662.JPEG
n03388043,ILSVRC2012_val_00039949.JPEG
n03388043,ILSVRC2012_val_00040064.JPEG
n03388043,ILSVRC2012_val_00040346.JPEG
n03388043,ILSVRC2012_val_00040490.JPEG
n03388043,ILSVRC2012_val_00041896.JPEG
n03388043,ILSVRC2012_val_00042063.JPEG
n03388043,ILSVRC2012_val_00042067.JPEG
n03388043,ILSVRC2012_val_00042250.JPEG
n03388043,ILSVRC2012_val_00046635.JPEG
n03388043,ILSVRC2012_val_00046821.JPEG
n03388043,ILSVRC2012_val_00046842.JPEG
n03388043,ILSVRC2012_val_00047745.JPEG
n03388043,ILSVRC2012_val_00049137.JPEG
n03388043,ILSVRC2012_val_00049852.JPEG
n03388549,ILSVRC2012_val_00002945.JPEG
n03388549,ILSVRC2012_val_00003653.JPEG
n03388549,ILSVRC2012_val_00004645.JPEG
n03388549,ILSVRC2012_val_00004768.JPEG
n03388549,ILSVRC2012_val_00005260.JPEG
n03388549,ILSVRC2012_val_00009375.JPEG
n03388549,ILSVRC2012_val_00009721.JPEG
n03388549,ILSVRC2012_val_00010124.JPEG
n03388549,ILSVRC2012_val_00011460.JPEG
n03388549,ILSVRC2012_val_00012333.JPEG
n03388549,ILSVRC2012_val_00013829.JPEG
n03388549,ILSVRC2012_val_00015918.JPEG
n03388549,ILSVRC2012_val_00016167.JPEG
n03388549,ILSVRC2012_val_00016373.JPEG
n03388549,ILSVRC2012_val_00016940.JPEG
n03388549,ILSVRC2012_val_00019003.JPEG
n03388549,ILSVRC2012_val_00019307.JPEG
n03388549,ILSVRC2012_val_00020643.JPEG
n03388549,ILSVRC2012_val_00021893.JPEG
n03388549,ILSVRC2012_val_00021987.JPEG
n03388549,ILSVRC2012_val_00022928.JPEG
n03388549,ILSVRC2012_val_00022965.JPEG
n03388549,ILSVRC2012_val_00023430.JPEG
n03388549,ILSVRC2012_val_00023839.JPEG
n03388549,ILSVRC2012_val_00024348.JPEG
n03388549,ILSVRC2012_val_00024695.JPEG
n03388549,ILSVRC2012_val_00025229.JPEG
n03388549,ILSVRC2012_val_00025614.JPEG
n03388549,ILSVRC2012_val_00026165.JPEG
n03388549,ILSVRC2012_val_00026172.JPEG
n03388549,ILSVRC2012_val_00030183.JPEG
n03388549,ILSVRC2012_val_00031800.JPEG
n03388549,ILSVRC2012_val_00032201.JPEG
n03388549,ILSVRC2012_val_00033480.JPEG
n03388549,ILSVRC2012_val_00033922.JPEG
n03388549,ILSVRC2012_val_00035551.JPEG
n03388549,ILSVRC2012_val_00036037.JPEG
n03388549,ILSVRC2012_val_00036483.JPEG
n03388549,ILSVRC2012_val_00037249.JPEG
n03388549,ILSVRC2012_val_00038144.JPEG
n03388549,ILSVRC2012_val_00038732.JPEG
n03388549,ILSVRC2012_val_00039720.JPEG
n03388549,ILSVRC2012_val_00040721.JPEG
n03388549,ILSVRC2012_val_00041363.JPEG
n03388549,ILSVRC2012_val_00041407.JPEG
n03388549,ILSVRC2012_val_00043680.JPEG
n03388549,ILSVRC2012_val_00045201.JPEG
n03388549,ILSVRC2012_val_00047074.JPEG
n03388549,ILSVRC2012_val_00047459.JPEG
n03388549,ILSVRC2012_val_00048243.JPEG
n03400231,ILSVRC2012_val_00000516.JPEG
n03400231,ILSVRC2012_val_00001620.JPEG
n03400231,ILSVRC2012_val_00001843.JPEG
n03400231,ILSVRC2012_val_00002423.JPEG
n03400231,ILSVRC2012_val_00002860.JPEG
n03400231,ILSVRC2012_val_00003111.JPEG
n03400231,ILSVRC2012_val_00003162.JPEG
n03400231,ILSVRC2012_val_00004787.JPEG
n03400231,ILSVRC2012_val_00005394.JPEG
n03400231,ILSVRC2012_val_00009196.JPEG
n03400231,ILSVRC2012_val_00009309.JPEG
n03400231,ILSVRC2012_val_00014088.JPEG
n03400231,ILSVRC2012_val_00014537.JPEG
n03400231,ILSVRC2012_val_00015404.JPEG
n03400231,ILSVRC2012_val_00015489.JPEG
n03400231,ILSVRC2012_val_00015937.JPEG
n03400231,ILSVRC2012_val_00015984.JPEG
n03400231,ILSVRC2012_val_00016201.JPEG
n03400231,ILSVRC2012_val_00017396.JPEG
n03400231,ILSVRC2012_val_00017770.JPEG
n03400231,ILSVRC2012_val_00020087.JPEG
n03400231,ILSVRC2012_val_00020799.JPEG
n03400231,ILSVRC2012_val_00021535.JPEG
n03400231,ILSVRC2012_val_00022472.JPEG
n03400231,ILSVRC2012_val_00022777.JPEG
n03400231,ILSVRC2012_val_00023630.JPEG
n03400231,ILSVRC2012_val_00024865.JPEG
n03400231,ILSVRC2012_val_00025760.JPEG
n03400231,ILSVRC2012_val_00026723.JPEG
n03400231,ILSVRC2012_val_00027646.JPEG
n03400231,ILSVRC2012_val_00030273.JPEG
n03400231,ILSVRC2012_val_00031422.JPEG
n03400231,ILSVRC2012_val_00033419.JPEG
n03400231,ILSVRC2012_val_00033436.JPEG
n03400231,ILSVRC2012_val_00034320.JPEG
n03400231,ILSVRC2012_val_00035422.JPEG
n03400231,ILSVRC2012_val_00037961.JPEG
n03400231,ILSVRC2012_val_00039653.JPEG
n03400231,ILSVRC2012_val_00041297.JPEG
n03400231,ILSVRC2012_val_00041721.JPEG
n03400231,ILSVRC2012_val_00042145.JPEG
n03400231,ILSVRC2012_val_00042520.JPEG
n03400231,ILSVRC2012_val_00044810.JPEG
n03400231,ILSVRC2012_val_00045855.JPEG
n03400231,ILSVRC2012_val_00046101.JPEG
n03400231,ILSVRC2012_val_00047233.JPEG
n03400231,ILSVRC2012_val_00047824.JPEG
n03400231,ILSVRC2012_val_00049394.JPEG
n03400231,ILSVRC2012_val_00049474.JPEG
n03400231,ILSVRC2012_val_00049919.JPEG
n03444034,ILSVRC2012_val_00000032.JPEG
n03444034,ILSVRC2012_val_00002033.JPEG
n03444034,ILSVRC2012_val_00003186.JPEG
n03444034,ILSVRC2012_val_00004028.JPEG
n03444034,ILSVRC2012_val_00005012.JPEG
n03444034,ILSVRC2012_val_00005110.JPEG
n03444034,ILSVRC2012_val_00005381.JPEG
n03444034,ILSVRC2012_val_00006363.JPEG
n03444034,ILSVRC2012_val_00010927.JPEG
n03444034,ILSVRC2012_val_00011067.JPEG
n03444034,ILSVRC2012_val_00013026.JPEG
n03444034,ILSVRC2012_val_00014522.JPEG
n03444034,ILSVRC2012_val_00015002.JPEG
n03444034,ILSVRC2012_val_00015436.JPEG
n03444034,ILSVRC2012_val_00015953.JPEG
n03444034,ILSVRC2012_val_00016057.JPEG
n03444034,ILSVRC2012_val_00018136.JPEG
n03444034,ILSVRC2012_val_00018585.JPEG
n03444034,ILSVRC2012_val_00019495.JPEG
n03444034,ILSVRC2012_val_00020045.JPEG
n03444034,ILSVRC2012_val_00020373.JPEG
n03444034,ILSVRC2012_val_00021232.JPEG
n03444034,ILSVRC2012_val_00021569.JPEG
n03444034,ILSVRC2012_val_00026796.JPEG
n03444034,ILSVRC2012_val_00027553.JPEG
n03444034,ILSVRC2012_val_00029083.JPEG
n03444034,ILSVRC2012_val_00029233.JPEG
n03444034,ILSVRC2012_val_00029299.JPEG
n03444034,ILSVRC2012_val_00029399.JPEG
n03444034,ILSVRC2012_val_00030549.JPEG
n03444034,ILSVRC2012_val_00035463.JPEG
n03444034,ILSVRC2012_val_00036048.JPEG
n03444034,ILSVRC2012_val_00037078.JPEG
n03444034,ILSVRC2012_val_00037460.JPEG
n03444034,ILSVRC2012_val_00038175.JPEG
n03444034,ILSVRC2012_val_00038934.JPEG
n03444034,ILSVRC2012_val_00039652.JPEG
n03444034,ILSVRC2012_val_00039864.JPEG
n03444034,ILSVRC2012_val_00040603.JPEG
n03444034,ILSVRC2012_val_00040851.JPEG
n03444034,ILSVRC2012_val_00042017.JPEG
n03444034,ILSVRC2012_val_00042238.JPEG
n03444034,ILSVRC2012_val_00043614.JPEG
n03444034,ILSVRC2012_val_00044799.JPEG
n03444034,ILSVRC2012_val_00045220.JPEG
n03444034,ILSVRC2012_val_00047067.JPEG
n03444034,ILSVRC2012_val_00047214.JPEG
n03444034,ILSVRC2012_val_00047734.JPEG
n03444034,ILSVRC2012_val_00047858.JPEG
n03444034,ILSVRC2012_val_00048231.JPEG
n03498962,ILSVRC2012_val_00002436.JPEG
n03498962,ILSVRC2012_val_00002588.JPEG
n03498962,ILSVRC2012_val_00003307.JPEG
n03498962,ILSVRC2012_val_00004068.JPEG
n03498962,ILSVRC2012_val_00004846.JPEG
n03498962,ILSVRC2012_val_00005550.JPEG
n03498962,ILSVRC2012_val_00007225.JPEG
n03498962,ILSVRC2012_val_00009028.JPEG
n03498962,ILSVRC2012_val_00011994.JPEG
n03498962,ILSVRC2012_val_00012745.JPEG
n03498962,ILSVRC2012_val_00013140.JPEG
n03498962,ILSVRC2012_val_00015079.JPEG
n03498962,ILSVRC2012_val_00016204.JPEG
n03498962,ILSVRC2012_val_00016914.JPEG
n03498962,ILSVRC2012_val_00017118.JPEG
n03498962,ILSVRC2012_val_00017235.JPEG
n03498962,ILSVRC2012_val_00017263.JPEG
n03498962,ILSVRC2012_val_00017784.JPEG
n03498962,ILSVRC2012_val_00020887.JPEG
n03498962,ILSVRC2012_val_00021304.JPEG
n03498962,ILSVRC2012_val_00021394.JPEG
n03498962,ILSVRC2012_val_00023035.JPEG
n03498962,ILSVRC2012_val_00023332.JPEG
n03498962,ILSVRC2012_val_00023600.JPEG
n03498962,ILSVRC2012_val_00025619.JPEG
n03498962,ILSVRC2012_val_00027332.JPEG
n03498962,ILSVRC2012_val_00028576.JPEG
n03498962,ILSVRC2012_val_00030655.JPEG
n03498962,ILSVRC2012_val_00030666.JPEG
n03498962,ILSVRC2012_val_00031055.JPEG
n03498962,ILSVRC2012_val_00031367.JPEG
n03498962,ILSVRC2012_val_00031710.JPEG
n03498962,ILSVRC2012_val_00032228.JPEG
n03498962,ILSVRC2012_val_00032383.JPEG
n03498962,ILSVRC2012_val_00032709.JPEG
n03498962,ILSVRC2012_val_00033954.JPEG
n03498962,ILSVRC2012_val_00034911.JPEG
n03498962,ILSVRC2012_val_00038419.JPEG
n03498962,ILSVRC2012_val_00040211.JPEG
n03498962,ILSVRC2012_val_00040559.JPEG
n03498962,ILSVRC2012_val_00040931.JPEG
n03498962,ILSVRC2012_val_00041312.JPEG
n03498962,ILSVRC2012_val_00041471.JPEG
n03498962,ILSVRC2012_val_00042039.JPEG
n03498962,ILSVRC2012_val_00044873.JPEG
n03498962,ILSVRC2012_val_00045508.JPEG
n03498962,ILSVRC2012_val_00046192.JPEG
n03498962,ILSVRC2012_val_00047210.JPEG
n03498962,ILSVRC2012_val_00047673.JPEG
n03498962,ILSVRC2012_val_00047936.JPEG
n03544143,ILSVRC2012_val_00001943.JPEG
n03544143,ILSVRC2012_val_00003951.JPEG
n03544143,ILSVRC2012_val_00003986.JPEG
n03544143,ILSVRC2012_val_00004082.JPEG
n03544143,ILSVRC2012_val_00004729.JPEG
n03544143,ILSVRC2012_val_00006119.JPEG
n03544143,ILSVRC2012_val_00006241.JPEG
n03544143,ILSVRC2012_val_00007213.JPEG
n03544143,ILSVRC2012_val_00007277.JPEG
n03544143,ILSVRC2012_val_00007716.JPEG
n03544143,ILSVRC2012_val_00009298.JPEG
n03544143,ILSVRC2012_val_00010178.JPEG
n03544143,ILSVRC2012_val_00011019.JPEG
n03544143,ILSVRC2012_val_00011815.JPEG
n03544143,ILSVRC2012_val_00014244.JPEG
n03544143,ILSVRC2012_val_00017010.JPEG
n03544143,ILSVRC2012_val_00017698.JPEG
n03544143,ILSVRC2012_val_00018841.JPEG
n03544143,ILSVRC2012_val_00019475.JPEG
n03544143,ILSVRC2012_val_00020504.JPEG
n03544143,ILSVRC2012_val_00020724.JPEG
n03544143,ILSVRC2012_val_00021537.JPEG
n03544143,ILSVRC2012_val_00021737.JPEG
n03544143,ILSVRC2012_val_00022005.JPEG
n03544143,ILSVRC2012_val_00023504.JPEG
n03544143,ILSVRC2012_val_00023967.JPEG
n03544143,ILSVRC2012_val_00024013.JPEG
n03544143,ILSVRC2012_val_00024035.JPEG
n03544143,ILSVRC2012_val_00024456.JPEG
n03544143,ILSVRC2012_val_00026373.JPEG
n03544143,ILSVRC2012_val_00029896.JPEG
n03544143,ILSVRC2012_val_00032075.JPEG
n03544143,ILSVRC2012_val_00032932.JPEG
n03544143,ILSVRC2012_val_00033133.JPEG
n03544143,ILSVRC2012_val_00033351.JPEG
n03544143,ILSVRC2012_val_00033846.JPEG
n03544143,ILSVRC2012_val_00034522.JPEG
n03544143,ILSVRC2012_val_00035185.JPEG
n03544143,ILSVRC2012_val_00036098.JPEG
n03544143,ILSVRC2012_val_00036746.JPEG
n03544143,ILSVRC2012_val_00037954.JPEG
n03544143,ILSVRC2012_val_00043070.JPEG
n03544143,ILSVRC2012_val_00044178.JPEG
n03544143,ILSVRC2012_val_00044939.JPEG
n03544143,ILSVRC2012_val_00047986.JPEG
n03544143,ILSVRC2012_val_00048109.JPEG
n03544143,ILSVRC2012_val_00048563.JPEG
n03544143,ILSVRC2012_val_00048860.JPEG
n03544143,ILSVRC2012_val_00048935.JPEG
n03544143,ILSVRC2012_val_00049292.JPEG
n03710637,ILSVRC2012_val_00000117.JPEG
n03710637,ILSVRC2012_val_00000184.JPEG
n03710637,ILSVRC2012_val_00000426.JPEG
n03710637,ILSVRC2012_val_00001562.JPEG
n03710637,ILSVRC2012_val_00002513.JPEG
n03710637,ILSVRC2012_val_00003007.JPEG
n03710637,ILSVRC2012_val_00003825.JPEG
n03710637,ILSVRC2012_val_00004531.JPEG
n03710637,ILSVRC2012_val_00006979.JPEG
n03710637,ILSVRC2012_val_00007053.JPEG
n03710637,ILSVRC2012_val_00007250.JPEG
n03710637,ILSVRC2012_val_00007816.JPEG
n03710637,ILSVRC2012_val_00007899.JPEG
n03710637,ILSVRC2012_val_00009883.JPEG
n03710637,ILSVRC2012_val_00010435.JPEG
n03710637,ILSVRC2012_val_00011548.JPEG
n03710637,ILSVRC2012_val_00012018.JPEG
n03710637,ILSVRC2012_val_00012080.JPEG
n03710637,ILSVRC2012_val_00012094.JPEG
n03710637,ILSVRC2012_val_00013356.JPEG
n03710637,ILSVRC2012_val_00013859.JPEG
n03710637,ILSVRC2012_val_00014830.JPEG
n03710637,ILSVRC2012_val_00015042.JPEG
n03710637,ILSVRC2012_val_00015163.JPEG
n03710637,ILSVRC2012_val_00016626.JPEG
n03710637,ILSVRC2012_val_00017519.JPEG
n03710637,ILSVRC2012_val_00018505.JPEG
n03710637,ILSVRC2012_val_00021081.JPEG
n03710637,ILSVRC2012_val_00021142.JPEG
n03710637,ILSVRC2012_val_00023079.JPEG
n03710637,ILSVRC2012_val_00024573.JPEG
n03710637,ILSVRC2012_val_00025685.JPEG
n03710637,ILSVRC2012_val_00026276.JPEG
n03710637,ILSVRC2012_val_00028232.JPEG
n03710637,ILSVRC2012_val_00028561.JPEG
n03710637,ILSVRC2012_val_00028738.JPEG
n03710637,ILSVRC2012_val_00029104.JPEG
n03710637,ILSVRC2012_val_00029706.JPEG
n03710637,ILSVRC2012_val_00033398.JPEG
n03710637,ILSVRC2012_val_00035228.JPEG
n03710637,ILSVRC2012_val_00035282.JPEG
n03710637,ILSVRC2012_val_00037605.JPEG
n03710637,ILSVRC2012_val_00039306.JPEG
n03710637,ILSVRC2012_val_00039482.JPEG
n03710637,ILSVRC2012_val_00041429.JPEG
n03710637,ILSVRC2012_val_00043911.JPEG
n03710637,ILSVRC2012_val_00043979.JPEG
n03710637,ILSVRC2012_val_00048724.JPEG
n03710637,ILSVRC2012_val_00048893.JPEG
n03710637,ILSVRC2012_val_00049705.JPEG
n03761084,ILSVRC2012_val_00000519.JPEG
n03761084,ILSVRC2012_val_00001614.JPEG
n03761084,ILSVRC2012_val_00003754.JPEG
n03761084,ILSVRC2012_val_00004485.JPEG
n03761084,ILSVRC2012_val_00005324.JPEG
n03761084,ILSVRC2012_val_00007943.JPEG
n03761084,ILSVRC2012_val_00008253.JPEG
n03761084,ILSVRC2012_val_00008779.JPEG
n03761084,ILSVRC2012_val_00009531.JPEG
n03761084,ILSVRC2012_val_00012790.JPEG
n03761084,ILSVRC2012_val_00013197.JPEG
n03761084,ILSVRC2012_val_00015115.JPEG
n03761084,ILSVRC2012_val_00015519.JPEG
n03761084,ILSVRC2012_val_00017051.JPEG
n03761084,ILSVRC2012_val_00019437.JPEG
n03761084,ILSVRC2012_val_00020448.JPEG
n03761084,ILSVRC2012_val_00020457.JPEG
n03761084,ILSVRC2012_val_00021354.JPEG
n03761084,ILSVRC2012_val_00022020.JPEG
n03761084,ILSVRC2012_val_00022272.JPEG
n03761084,ILSVRC2012_val_00022991.JPEG
n03761084,ILSVRC2012_val_00023629.JPEG
n03761084,ILSVRC2012_val_00025505.JPEG
n03761084,ILSVRC2012_val_00026735.JPEG
n03761084,ILSVRC2012_val_00027917.JPEG
n03761084,ILSVRC2012_val_00028554.JPEG
n03761084,ILSVRC2012_val_00029757.JPEG
n03761084,ILSVRC2012_val_00029968.JPEG
n03761084,ILSVRC2012_val_00030645.JPEG
n03761084,ILSVRC2012_val_00031780.JPEG
n03761084,ILSVRC2012_val_00033830.JPEG
n03761084,ILSVRC2012_val_00034707.JPEG
n03761084,ILSVRC2012_val_00035152.JPEG
n03761084,ILSVRC2012_val_00035302.JPEG
n03761084,ILSVRC2012_val_00035732.JPEG
n03761084,ILSVRC2012_val_00036104.JPEG
n03761084,ILSVRC2012_val_00036638.JPEG
n03761084,ILSVRC2012_val_00037721.JPEG
n03761084,ILSVRC2012_val_00038692.JPEG
n03761084,ILSVRC2012_val_00038763.JPEG
n03761084,ILSVRC2012_val_00039006.JPEG
n03761084,ILSVRC2012_val_00039433.JPEG
n03761084,ILSVRC2012_val_00039480.JPEG
n03761084,ILSVRC2012_val_00042348.JPEG
n03761084,ILSVRC2012_val_00042691.JPEG
n03761084,ILSVRC2012_val_00043542.JPEG
n03761084,ILSVRC2012_val_00045008.JPEG
n03761084,ILSVRC2012_val_00046890.JPEG
n03761084,ILSVRC2012_val_00047421.JPEG
n03761084,ILSVRC2012_val_00048947.JPEG
n03782006,ILSVRC2012_val_00000119.JPEG
n03782006,ILSVRC2012_val_00002089.JPEG
n03782006,ILSVRC2012_val_00002107.JPEG
n03782006,ILSVRC2012_val_00004083.JPEG
n03782006,ILSVRC2012_val_00004758.JPEG
n03782006,ILSVRC2012_val_00008427.JPEG
n03782006,ILSVRC2012_val_00009355.JPEG
n03782006,ILSVRC2012_val_00009529.JPEG
n03782006,ILSVRC2012_val_00010327.JPEG
n03782006,ILSVRC2012_val_00010771.JPEG
n03782006,ILSVRC2012_val_00011136.JPEG
n03782006,ILSVRC2012_val_00011472.JPEG
n03782006,ILSVRC2012_val_00011946.JPEG
n03782006,ILSVRC2012_val_00012148.JPEG
n03782006,ILSVRC2012_val_00012311.JPEG
n03782006,ILSVRC2012_val_00012397.JPEG
n03782006,ILSVRC2012_val_00015161.JPEG
n03782006,ILSVRC2012_val_00016129.JPEG
n03782006,ILSVRC2012_val_00016317.JPEG
n03782006,ILSVRC2012_val_00017128.JPEG
n03782006,ILSVRC2012_val_00018187.JPEG
n03782006,ILSVRC2012_val_00018503.JPEG
n03782006,ILSVRC2012_val_00019909.JPEG
n03782006,ILSVRC2012_val_00022971.JPEG
n03782006,ILSVRC2012_val_00023882.JPEG
n03782006,ILSVRC2012_val_00024976.JPEG
n03782006,ILSVRC2012_val_00026075.JPEG
n03782006,ILSVRC2012_val_00026247.JPEG
n03782006,ILSVRC2012_val_00027545.JPEG
n03782006,ILSVRC2012_val_00028687.JPEG
n03782006,ILSVRC2012_val_00029541.JPEG
n03782006,ILSVRC2012_val_00031326.JPEG
n03782006,ILSVRC2012_val_00032019.JPEG
n03782006,ILSVRC2012_val_00033136.JPEG
n03782006,ILSVRC2012_val_00034501.JPEG
n03782006,ILSVRC2012_val_00035146.JPEG
n03782006,ILSVRC2012_val_00035743.JPEG
n03782006,ILSVRC2012_val_00036107.JPEG
n03782006,ILSVRC2012_val_00037964.JPEG
n03782006,ILSVRC2012_val_00039562.JPEG
n03782006,ILSVRC2012_val_00040801.JPEG
n03782006,ILSVRC2012_val_00041042.JPEG
n03782006,ILSVRC2012_val_00041449.JPEG
n03782006,ILSVRC2012_val_00044208.JPEG
n03782006,ILSVRC2012_val_00045106.JPEG
n03782006,ILSVRC2012_val_00046624.JPEG
n03782006,ILSVRC2012_val_00047803.JPEG
n03782006,ILSVRC2012_val_00049172.JPEG
n03782006,ILSVRC2012_val_00049772.JPEG
n03782006,ILSVRC2012_val_00049784.JPEG
n03791053,ILSVRC2012_val_00001892.JPEG
n03791053,ILSVRC2012_val_00001965.JPEG
n03791053,ILSVRC2012_val_00001980.JPEG
n03791053,ILSVRC2012_val_00003879.JPEG
n03791053,ILSVRC2012_val_00004465.JPEG
n03791053,ILSVRC2012_val_00004619.JPEG
n03791053,ILSVRC2012_val_00004789.JPEG
n03791053,ILSVRC2012_val_00005644.JPEG
n03791053,ILSVRC2012_val_00007523.JPEG
n03791053,ILSVRC2012_val_00008959.JPEG
n03791053,ILSVRC2012_val_00009285.JPEG
n03791053,ILSVRC2012_val_00010227.JPEG
n03791053,ILSVRC2012_val_00010636.JPEG
n03791053,ILSVRC2012_val_00011611.JPEG
n03791053,ILSVRC2012_val_00014286.JPEG
n03791053,ILSVRC2012_val_00015484.JPEG
n03791053,ILSVRC2012_val_00016338.JPEG
n03791053,ILSVRC2012_val_00016364.JPEG
n03791053,ILSVRC2012_val_00016453.JPEG
n03791053,ILSVRC2012_val_00016491.JPEG
n03791053,ILSVRC2012_val_00016880.JPEG
n03791053,ILSVRC2012_val_00018315.JPEG
n03791053,ILSVRC2012_val_00018448.JPEG
n03791053,ILSVRC2012_val_00022401.JPEG
n03791053,ILSVRC2012_val_00022929.JPEG
n03791053,ILSVRC2012_val_00023687.JPEG
n03791053,ILSVRC2012_val_00024929.JPEG
n03791053,ILSVRC2012_val_00027886.JPEG
n03791053,ILSVRC2012_val_00028108.JPEG
n03791053,ILSVRC2012_val_00030174.JPEG
n03791053,ILSVRC2012_val_00030997.JPEG
n03791053,ILSVRC2012_val_00033956.JPEG
n03791053,ILSVRC2012_val_00036806.JPEG
n03791053,ILSVRC2012_val_00036916.JPEG
n03791053,ILSVRC2012_val_00037060.JPEG
n03791053,ILSVRC2012_val_00037320.JPEG
n03791053,ILSVRC2012_val_00038473.JPEG
n03791053,ILSVRC2012_val_00038689.JPEG
n03791053,ILSVRC2012_val_00039358.JPEG
n03791053,ILSVRC2012_val_00042747.JPEG
n03791053,ILSVRC2012_val_00043373.JPEG
n03791053,ILSVRC2012_val_00043402.JPEG
n03791053,ILSVRC2012_val_00043594.JPEG
n03791053,ILSVRC2012_val_00045153.JPEG
n03791053,ILSVRC2012_val_00045182.JPEG
n03791053,ILSVRC2012_val_00045359.JPEG
n03791053,ILSVRC2012_val_00046259.JPEG
n03791053,ILSVRC2012_val_00046394.JPEG
n03791053,ILSVRC2012_val_00046855.JPEG
n03791053,ILSVRC2012_val_00049655.JPEG
n03804744,ILSVRC2012_val_00000649.JPEG
n03804744,ILSVRC2012_val_00002005.JPEG
n03804744,ILSVRC2012_val_00002110.JPEG
n03804744,ILSVRC2012_val_00002374.JPEG
n03804744,ILSVRC2012_val_00002500.JPEG
n03804744,ILSVRC2012_val_00004229.JPEG
n03804744,ILSVRC2012_val_00005756.JPEG
n03804744,ILSVRC2012_val_00006424.JPEG
n03804744,ILSVRC2012_val_00008538.JPEG
n03804744,ILSVRC2012_val_00009193.JPEG
n03804744,ILSVRC2012_val_00009414.JPEG
n03804744,ILSVRC2012_val_00012438.JPEG
n03804744,ILSVRC2012_val_00012559.JPEG
n03804744,ILSVRC2012_val_00013531.JPEG
n03804744,ILSVRC2012_val_00013934.JPEG
n03804744,ILSVRC2012_val_00015196.JPEG
n03804744,ILSVRC2012_val_00016078.JPEG
n03804744,ILSVRC2012_val_00016760.JPEG
n03804744,ILSVRC2012_val_00017343.JPEG
n03804744,ILSVRC2012_val_00018782.JPEG
n03804744,ILSVRC2012_val_00019774.JPEG
n03804744,ILSVRC2012_val_00020411.JPEG
n03804744,ILSVRC2012_val_00022621.JPEG
n03804744,ILSVRC2012_val_00024245.JPEG
n03804744,ILSVRC2012_val_00024466.JPEG
n03804744,ILSVRC2012_val_00027874.JPEG
n03804744,ILSVRC2012_val_00027879.JPEG
n03804744,ILSVRC2012_val_00028170.JPEG
n03804744,ILSVRC2012_val_00028216.JPEG
n03804744,ILSVRC2012_val_00028227.JPEG
n03804744,ILSVRC2012_val_00029087.JPEG
n03804744,ILSVRC2012_val_00029920.JPEG
n03804744,ILSVRC2012_val_00031527.JPEG
n03804744,ILSVRC2012_val_00032763.JPEG
n03804744,ILSVRC2012_val_00034946.JPEG
n03804744,ILSVRC2012_val_00035232.JPEG
n03804744,ILSVRC2012_val_00036232.JPEG
n03804744,ILSVRC2012_val_00037628.JPEG
n03804744,ILSVRC2012_val_00037696.JPEG
n03804744,ILSVRC2012_val_00039068.JPEG
n03804744,ILSVRC2012_val_00039239.JPEG
n03804744,ILSVRC2012_val_00043103.JPEG
n03804744,ILSVRC2012_val_00043239.JPEG
n03804744,ILSVRC2012_val_00043343.JPEG
n03804744,ILSVRC2012_val_00043676.JPEG
n03804744,ILSVRC2012_val_00043967.JPEG
n03804744,ILSVRC2012_val_00046728.JPEG
n03804744,ILSVRC2012_val_00046791.JPEG
n03804744,ILSVRC2012_val_00048967.JPEG
n03804744,ILSVRC2012_val_00049233.JPEG
n03832673,ILSVRC2012_val_00000677.JPEG
n03832673,ILSVRC2012_val_00000827.JPEG
n03832673,ILSVRC2012_val_00002175.JPEG
n03832673,ILSVRC2012_val_00003207.JPEG
n03832673,ILSVRC2012_val_00005040.JPEG
n03832673,ILSVRC2012_val_00005161.JPEG
n03832673,ILSVRC2012_val_00006899.JPEG
n03832673,ILSVRC2012_val_00008237.JPEG
n03832673,ILSVRC2012_val_00008390.JPEG
n03832673,ILSVRC2012_val_00009783.JPEG
n03832673,ILSVRC2012_val_00010133.JPEG
n03832673,ILSVRC2012_val_00010712.JPEG
n03832673,ILSVRC2012_val_00010778.JPEG
n03832673,ILSVRC2012_val_00015103.JPEG
n03832673,ILSVRC2012_val_00015715.JPEG
n03832673,ILSVRC2012_val_00016121.JPEG
n03832673,ILSVRC2012_val_00016670.JPEG
n03832673,ILSVRC2012_val_00017070.JPEG
n03832673,ILSVRC2012_val_00019611.JPEG
n03832673,ILSVRC2012_val_00020242.JPEG
n03832673,ILSVRC2012_val_00021380.JPEG
n03832673,ILSVRC2012_val_00021415.JPEG
n03832673,ILSVRC2012_val_00022184.JPEG
n03832673,ILSVRC2012_val_00024777.JPEG
n03832673,ILSVRC2012_val_00025009.JPEG
n03832673,ILSVRC2012_val_00025240.JPEG
n03832673,ILSVRC2012_val_00026011.JPEG
n03832673,ILSVRC2012_val_00026999.JPEG
n03832673,ILSVRC2012_val_00027698.JPEG
n03832673,ILSVRC2012_val_00029951.JPEG
n03832673,ILSVRC2012_val_00031166.JPEG
n03832673,ILSVRC2012_val_00032526.JPEG
n03832673,ILSVRC2012_val_00032781.JPEG
n03832673,ILSVRC2012_val_00035068.JPEG
n03832673,ILSVRC2012_val_00035825.JPEG
n03832673,ILSVRC2012_val_00037479.JPEG
n03832673,ILSVRC2012_val_00038350.JPEG
n03832673,ILSVRC2012_val_00039119.JPEG
n03832673,ILSVRC2012_val_00039330.JPEG
n03832673,ILSVRC2012_val_00039333.JPEG
n03832673,ILSVRC2012_val_00040046.JPEG
n03832673,ILSVRC2012_val_00040078.JPEG
n03832673,ILSVRC2012_val_00041094.JPEG
n03832673,ILSVRC2012_val_00042612.JPEG
n03832673,ILSVRC2012_val_00043461.JPEG
n03832673,ILSVRC2012_val_00044241.JPEG
n03832673,ILSVRC2012_val_00044609.JPEG
n03832673,ILSVRC2012_val_00045232.JPEG
n03832673,ILSVRC2012_val_00045562.JPEG
n03832673,ILSVRC2012_val_00045627.JPEG
n03857828,ILSVRC2012_val_00001016.JPEG
n03857828,ILSVRC2012_val_00004476.JPEG
n03857828,ILSVRC2012_val_00004910.JPEG
n03857828,ILSVRC2012_val_00005023.JPEG
n03857828,ILSVRC2012_val_00007195.JPEG
n03857828,ILSVRC2012_val_00009423.JPEG
n03857828,ILSVRC2012_val_00010345.JPEG
n03857828,ILSVRC2012_val_00011614.JPEG
n03857828,ILSVRC2012_val_00012661.JPEG
n03857828,ILSVRC2012_val_00012910.JPEG
n03857828,ILSVRC2012_val_00013043.JPEG
n03857828,ILSVRC2012_val_00013357.JPEG
n03857828,ILSVRC2012_val_00015087.JPEG
n03857828,ILSVRC2012_val_00015720.JPEG
n03857828,ILSVRC2012_val_00015886.JPEG
n03857828,ILSVRC2012_val_00016163.JPEG
n03857828,ILSVRC2012_val_00016917.JPEG
n03857828,ILSVRC2012_val_00017826.JPEG
n03857828,ILSVRC2012_val_00019189.JPEG
n03857828,ILSVRC2012_val_00019311.JPEG
n03857828,ILSVRC2012_val_00020560.JPEG
n03857828,ILSVRC2012_val_00022267.JPEG
n03857828,ILSVRC2012_val_00022455.JPEG
n03857828,ILSVRC2012_val_00022761.JPEG
n03857828,ILSVRC2012_val_00023487.JPEG
n03857828,ILSVRC2012_val_00023567.JPEG
n03857828,ILSVRC2012_val_00023588.JPEG
n03857828,ILSVRC2012_val_00024243.JPEG
n03857828,ILSVRC2012_val_00025464.JPEG
n03857828,ILSVRC2012_val_00026686.JPEG
n03857828,ILSVRC2012_val_00027075.JPEG
n03857828,ILSVRC2012_val_00027084.JPEG
n03857828,ILSVRC2012_val_00028874.JPEG
n03857828,ILSVRC2012_val_00029074.JPEG
n03857828,ILSVRC2012_val_00030560.JPEG
n03857828,ILSVRC2012_val_00033646.JPEG
n03857828,ILSVRC2012_val_00033905.JPEG
n03857828,ILSVRC2012_val_00034052.JPEG
n03857828,ILSVRC2012_val_00034995.JPEG
n03857828,ILSVRC2012_val_00036143.JPEG
n03857828,ILSVRC2012_val_00036299.JPEG
n03857828,ILSVRC2012_val_00037300.JPEG
n03857828,ILSVRC2012_val_00038695.JPEG
n03857828,ILSVRC2012_val_00039136.JPEG
n03857828,ILSVRC2012_val_00045579.JPEG
n03857828,ILSVRC2012_val_00045935.JPEG
n03857828,ILSVRC2012_val_00047063.JPEG
n03857828,ILSVRC2012_val_00047380.JPEG
n03857828,ILSVRC2012_val_00048350.JPEG
n03857828,ILSVRC2012_val_00048946.JPEG
n03871628,ILSVRC2012_val_00002069.JPEG
n03871628,ILSVRC2012_val_00002169.JPEG
n03871628,ILSVRC2012_val_00003796.JPEG
n03871628,ILSVRC2012_val_00004509.JPEG
n03871628,ILSVRC2012_val_00005248.JPEG
n03871628,ILSVRC2012_val_00008309.JPEG
n03871628,ILSVRC2012_val_00008356.JPEG
n03871628,ILSVRC2012_val_00008492.JPEG
n03871628,ILSVRC2012_val_00008678.JPEG
n03871628,ILSVRC2012_val_00008709.JPEG
n03871628,ILSVRC2012_val_00009786.JPEG
n03871628,ILSVRC2012_val_00011690.JPEG
n03871628,ILSVRC2012_val_00011770.JPEG
n03871628,ILSVRC2012_val_00013285.JPEG
n03871628,ILSVRC2012_val_00015005.JPEG
n03871628,ILSVRC2012_val_00015580.JPEG
n03871628,ILSVRC2012_val_00015940.JPEG
n03871628,ILSVRC2012_val_00016003.JPEG
n03871628,ILSVRC2012_val_00017618.JPEG
n03871628,ILSVRC2012_val_00017726.JPEG
n03871628,ILSVRC2012_val_00017920.JPEG
n03871628,ILSVRC2012_val_00018251.JPEG
n03871628,ILSVRC2012_val_00019016.JPEG
n03871628,ILSVRC2012_val_00020129.JPEG
n03871628,ILSVRC2012_val_00021041.JPEG
n03871628,ILSVRC2012_val_00022746.JPEG
n03871628,ILSVRC2012_val_00022943.JPEG
n03871628,ILSVRC2012_val_00024132.JPEG
n03871628,ILSVRC2012_val_00026594.JPEG
n03871628,ILSVRC2012_val_00027103.JPEG
n03871628,ILSVRC2012_val_00027639.JPEG
n03871628,ILSVRC2012_val_00028316.JPEG
n03871628,ILSVRC2012_val_00028843.JPEG
n03871628,ILSVRC2012_val_00029585.JPEG
n03871628,ILSVRC2012_val_00042397.JPEG
n03871628,ILSVRC2012_val_00042411.JPEG
n03871628,ILSVRC2012_val_00042417.JPEG
n03871628,ILSVRC2012_val_00042662.JPEG
n03871628,ILSVRC2012_val_00042883.JPEG
n03871628,ILSVRC2012_val_00044226.JPEG
n03871628,ILSVRC2012_val_00044365.JPEG
n03871628,ILSVRC2012_val_00045375.JPEG
n03871628,ILSVRC2012_val_00045732.JPEG
n03871628,ILSVRC2012_val_00046027.JPEG
n03871628,ILSVRC2012_val_00046204.JPEG
n03871628,ILSVRC2012_val_00047844.JPEG
n03871628,ILSVRC2012_val_00048740.JPEG
n03871628,ILSVRC2012_val_00048769.JPEG
n03871628,ILSVRC2012_val_00049179.JPEG
n03871628,ILSVRC2012_val_00049476.JPEG
n03944341,ILSVRC2012_val_00000991.JPEG
n03944341,ILSVRC2012_val_00002734.JPEG
n03944341,ILSVRC2012_val_00004364.JPEG
n03944341,ILSVRC2012_val_00007314.JPEG
n03944341,ILSVRC2012_val_00008832.JPEG
n03944341,ILSVRC2012_val_00011797.JPEG
n03944341,ILSVRC2012_val_00012260.JPEG
n03944341,ILSVRC2012_val_00012344.JPEG
n03944341,ILSVRC2012_val_00012575.JPEG
n03944341,ILSVRC2012_val_00013444.JPEG
n03944341,ILSVRC2012_val_00013576.JPEG
n03944341,ILSVRC2012_val_00014194.JPEG
n03944341,ILSVRC2012_val_00017777.JPEG
n03944341,ILSVRC2012_val_00022741.JPEG
n03944341,ILSVRC2012_val_00022949.JPEG
n03944341,ILSVRC2012_val_00023001.JPEG
n03944341,ILSVRC2012_val_00023236.JPEG
n03944341,ILSVRC2012_val_00024974.JPEG
n03944341,ILSVRC2012_val_00025817.JPEG
n03944341,ILSVRC2012_val_00025830.JPEG
n03944341,ILSVRC2012_val_00027417.JPEG
n03944341,ILSVRC2012_val_00027562.JPEG
n03944341,ILSVRC2012_val_00027597.JPEG
n03944341,ILSVRC2012_val_00027748.JPEG
n03944341,ILSVRC2012_val_00028125.JPEG
n03944341,ILSVRC2012_val_00028761.JPEG
n03944341,ILSVRC2012_val_00029275.JPEG
n03944341,ILSVRC2012_val_00030282.JPEG
n03944341,ILSVRC2012_val_00030830.JPEG
n03944341,ILSVRC2012_val_00030952.JPEG
n03944341,ILSVRC2012_val_00031011.JPEG
n03944341,ILSVRC2012_val_00032297.JPEG
n03944341,ILSVRC2012_val_00032550.JPEG
n03944341,ILSVRC2012_val_00033009.JPEG
n03944341,ILSVRC2012_val_00037201.JPEG
n03944341,ILSVRC2012_val_00038411.JPEG
n03944341,ILSVRC2012_val_00038474.JPEG
n03944341,ILSVRC2012_val_00038703.JPEG
n03944341,ILSVRC2012_val_00039230.JPEG
n03944341,ILSVRC2012_val_00041651.JPEG
n03944341,ILSVRC2012_val_00042139.JPEG
n03944341,ILSVRC2012_val_00042571.JPEG
n03944341,ILSVRC2012_val_00044025.JPEG
n03944341,ILSVRC2012_val_00044383.JPEG
n03944341,ILSVRC2012_val_00044651.JPEG
n03944341,ILSVRC2012_val_00044670.JPEG
n03944341,ILSVRC2012_val_00045191.JPEG
n03944341,ILSVRC2012_val_00046986.JPEG
n03944341,ILSVRC2012_val_00048609.JPEG
n03944341,ILSVRC2012_val_00049645.JPEG
n03956157,ILSVRC2012_val_00000024.JPEG
n03956157,ILSVRC2012_val_00000753.JPEG
n03956157,ILSVRC2012_val_00000872.JPEG
n03956157,ILSVRC2012_val_00001969.JPEG
n03956157,ILSVRC2012_val_00002215.JPEG
n03956157,ILSVRC2012_val_00002620.JPEG
n03956157,ILSVRC2012_val_00004337.JPEG
n03956157,ILSVRC2012_val_00007241.JPEG
n03956157,ILSVRC2012_val_00007347.JPEG
n03956157,ILSVRC2012_val_00008607.JPEG
n03956157,ILSVRC2012_val_00008837.JPEG
n03956157,ILSVRC2012_val_00011429.JPEG
n03956157,ILSVRC2012_val_00013382.JPEG
n03956157,ILSVRC2012_val_00015000.JPEG
n03956157,ILSVRC2012_val_00019242.JPEG
n03956157,ILSVRC2012_val_00019396.JPEG
n03956157,ILSVRC2012_val_00019543.JPEG
n03956157,ILSVRC2012_val_00020096.JPEG
n03956157,ILSVRC2012_val_00022200.JPEG
n03956157,ILSVRC2012_val_00022567.JPEG
n03956157,ILSVRC2012_val_00024857.JPEG
n03956157,ILSVRC2012_val_00025588.JPEG
n03956157,ILSVRC2012_val_00025602.JPEG
n03956157,ILSVRC2012_val_00025843.JPEG
n03956157,ILSVRC2012_val_00026337.JPEG
n03956157,ILSVRC2012_val_00027968.JPEG
n03956157,ILSVRC2012_val_00028693.JPEG
n03956157,ILSVRC2012_val_00029603.JPEG
n03956157,ILSVRC2012_val_00031330.JPEG
n03956157,ILSVRC2012_val_00032007.JPEG
n03956157,ILSVRC2012_val_00033054.JPEG
n03956157,ILSVRC2012_val_00034801.JPEG
n03956157,ILSVRC2012_val_00035358.JPEG
n03956157,ILSVRC2012_val_00037193.JPEG
n03956157,ILSVRC2012_val_00037283.JPEG
n03956157,ILSVRC2012_val_00038279.JPEG
n03956157,ILSVRC2012_val_00038501.JPEG
n03956157,ILSVRC2012_val_00039438.JPEG
n03956157,ILSVRC2012_val_00041394.JPEG
n03956157,ILSVRC2012_val_00041536.JPEG
n03956157,ILSVRC2012_val_00041681.JPEG
n03956157,ILSVRC2012_val_00042681.JPEG
n03956157,ILSVRC2012_val_00042903.JPEG
n03956157,ILSVRC2012_val_00044764.JPEG
n03956157,ILSVRC2012_val_00045205.JPEG
n03956157,ILSVRC2012_val_00045597.JPEG
n03956157,ILSVRC2012_val_00045685.JPEG
n03956157,ILSVRC2012_val_00046163.JPEG
n03956157,ILSVRC2012_val_00048866.JPEG
n03956157,ILSVRC2012_val_00049306.JPEG
n03958227,ILSVRC2012_val_00000722.JPEG
n03958227,ILSVRC2012_val_00002885.JPEG
n03958227,ILSVRC2012_val_00004066.JPEG
n03958227,ILSVRC2012_val_00004566.JPEG
n03958227,ILSVRC2012_val_00005406.JPEG
n03958227,ILSVRC2012_val_00007326.JPEG
n03958227,ILSVRC2012_val_00007768.JPEG
n03958227,ILSVRC2012_val_00008350.JPEG
n03958227,ILSVRC2012_val_00008622.JPEG
n03958227,ILSVRC2012_val_00009389.JPEG
n03958227,ILSVRC2012_val_00010802.JPEG
n03958227,ILSVRC2012_val_00013823.JPEG
n03958227,ILSVRC2012_val_00015317.JPEG
n03958227,ILSVRC2012_val_00015775.JPEG
n03958227,ILSVRC2012_val_00016320.JPEG
n03958227,ILSVRC2012_val_00016551.JPEG
n03958227,ILSVRC2012_val_00016676.JPEG
n03958227,ILSVRC2012_val_00016850.JPEG
n03958227,ILSVRC2012_val_00020834.JPEG
n03958227,ILSVRC2012_val_00020845.JPEG
n03958227,ILSVRC2012_val_00022428.JPEG
n03958227,ILSVRC2012_val_00023547.JPEG
n03958227,ILSVRC2012_val_00023831.JPEG
n03958227,ILSVRC2012_val_00024003.JPEG
n03958227,ILSVRC2012_val_00025860.JPEG
n03958227,ILSVRC2012_val_00026875.JPEG
n03958227,ILSVRC2012_val_00027015.JPEG
n03958227,ILSVRC2012_val_00027382.JPEG
n03958227,ILSVRC2012_val_00029044.JPEG
n03958227,ILSVRC2012_val_00031165.JPEG
n03958227,ILSVRC2012_val_00031510.JPEG
n03958227,ILSVRC2012_val_00032802.JPEG
n03958227,ILSVRC2012_val_00034661.JPEG
n03958227,ILSVRC2012_val_00035198.JPEG
n03958227,ILSVRC2012_val_00035782.JPEG
n03958227,ILSVRC2012_val_00036707.JPEG
n03958227,ILSVRC2012_val_00037856.JPEG
n03958227,ILSVRC2012_val_00038865.JPEG
n03958227,ILSVRC2012_val_00040144.JPEG
n03958227,ILSVRC2012_val_00040336.JPEG
n03958227,ILSVRC2012_val_00040579.JPEG
n03958227,ILSVRC2012_val_00041533.JPEG
n03958227,ILSVRC2012_val_00042378.JPEG
n03958227,ILSVRC2012_val_00042645.JPEG
n03958227,ILSVRC2012_val_00042740.JPEG
n03958227,ILSVRC2012_val_00042880.JPEG
n03958227,ILSVRC2012_val_00045629.JPEG
n03958227,ILSVRC2012_val_00046194.JPEG
n03958227,ILSVRC2012_val_00047831.JPEG
n03958227,ILSVRC2012_val_00048624.JPEG
n03967562,ILSVRC2012_val_00000292.JPEG
n03967562,ILSVRC2012_val_00000840.JPEG
n03967562,ILSVRC2012_val_00000968.JPEG
n03967562,ILSVRC2012_val_00002134.JPEG
n03967562,ILSVRC2012_val_00003086.JPEG
n03967562,ILSVRC2012_val_00004305.JPEG
n03967562,ILSVRC2012_val_00005373.JPEG
n03967562,ILSVRC2012_val_00007078.JPEG
n03967562,ILSVRC2012_val_00009442.JPEG
n03967562,ILSVRC2012_val_00010642.JPEG
n03967562,ILSVRC2012_val_00016041.JPEG
n03967562,ILSVRC2012_val_00019458.JPEG
n03967562,ILSVRC2012_val_00019662.JPEG
n03967562,ILSVRC2012_val_00019675.JPEG
n03967562,ILSVRC2012_val_00020960.JPEG
n03967562,ILSVRC2012_val_00021178.JPEG
n03967562,ILSVRC2012_val_00021264.JPEG
n03967562,ILSVRC2012_val_00021898.JPEG
n03967562,ILSVRC2012_val_00022524.JPEG
n03967562,ILSVRC2012_val_00022829.JPEG
n03967562,ILSVRC2012_val_00023368.JPEG
n03967562,ILSVRC2012_val_00023747.JPEG
n03967562,ILSVRC2012_val_00024276.JPEG
n03967562,ILSVRC2012_val_00024414.JPEG
n03967562,ILSVRC2012_val_00024846.JPEG
n03967562,ILSVRC2012_val_00025740.JPEG
n03967562,ILSVRC2012_val_00025752.JPEG
n03967562,ILSVRC2012_val_00026890.JPEG
n03967562,ILSVRC2012_val_00027285.JPEG
n03967562,ILSVRC2012_val_00027567.JPEG
n03967562,ILSVRC2012_val_00027606.JPEG
n03967562,ILSVRC2012_val_00027610.JPEG
n03967562,ILSVRC2012_val_00028038.JPEG
n03967562,ILSVRC2012_val_00028236.JPEG
n03967562,ILSVRC2012_val_00028608.JPEG
n03967562,ILSVRC2012_val_00029000.JPEG
n03967562,ILSVRC2012_val_00029750.JPEG
n03967562,ILSVRC2012_val_00030925.JPEG
n03967562,ILSVRC2012_val_00031552.JPEG
n03967562,ILSVRC2012_val_00032082.JPEG
n03967562,ILSVRC2012_val_00032110.JPEG
n03967562,ILSVRC2012_val_00038074.JPEG
n03967562,ILSVRC2012_val_00038945.JPEG
n03967562,ILSVRC2012_val_00040062.JPEG
n03967562,ILSVRC2012_val_00040821.JPEG
n03967562,ILSVRC2012_val_00041847.JPEG
n03967562,ILSVRC2012_val_00041970.JPEG
n03967562,ILSVRC2012_val_00047330.JPEG
n03967562,ILSVRC2012_val_00047855.JPEG
n03967562,ILSVRC2012_val_00048703.JPEG
n03976467,ILSVRC2012_val_00000765.JPEG
n03976467,ILSVRC2012_val_00001298.JPEG
n03976467,ILSVRC2012_val_00001973.JPEG
n03976467,ILSVRC2012_val_00001978.JPEG
n03976467,ILSVRC2012_val_00002951.JPEG
n03976467,ILSVRC2012_val_00006478.JPEG
n03976467,ILSVRC2012_val_00006506.JPEG
n03976467,ILSVRC2012_val_00007099.JPEG
n03976467,ILSVRC2012_val_00007918.JPEG
n03976467,ILSVRC2012_val_00008476.JPEG
n03976467,ILSVRC2012_val_00008666.JPEG
n03976467,ILSVRC2012_val_00009106.JPEG
n03976467,ILSVRC2012_val_00010922.JPEG
n03976467,ILSVRC2012_val_00011561.JPEG
n03976467,ILSVRC2012_val_00011833.JPEG
n03976467,ILSVRC2012_val_00011954.JPEG
n03976467,ILSVRC2012_val_00012287.JPEG
n03976467,ILSVRC2012_val_00014850.JPEG
n03976467,ILSVRC2012_val_00015052.JPEG
n03976467,ILSVRC2012_val_00015736.JPEG
n03976467,ILSVRC2012_val_00016006.JPEG
n03976467,ILSVRC2012_val_00017870.JPEG
n03976467,ILSVRC2012_val_00017894.JPEG
n03976467,ILSVRC2012_val_00018451.JPEG
n03976467,ILSVRC2012_val_00020713.JPEG
n03976467,ILSVRC2012_val_00020918.JPEG
n03976467,ILSVRC2012_val_00021117.JPEG
n03976467,ILSVRC2012_val_00021198.JPEG
n03976467,ILSVRC2012_val_00023529.JPEG
n03976467,ILSVRC2012_val_00028460.JPEG
n03976467,ILSVRC2012_val_00028479.JPEG
n03976467,ILSVRC2012_val_00029395.JPEG
n03976467,ILSVRC2012_val_00031284.JPEG
n03976467,ILSVRC2012_val_00031616.JPEG
n03976467,ILSVRC2012_val_00032480.JPEG
n03976467,ILSVRC2012_val_00032721.JPEG
n03976467,ILSVRC2012_val_00033699.JPEG
n03976467,ILSVRC2012_val_00035515.JPEG
n03976467,ILSVRC2012_val_00035621.JPEG
n03976467,ILSVRC2012_val_00037223.JPEG
n03976467,ILSVRC2012_val_00037321.JPEG
n03976467,ILSVRC2012_val_00039500.JPEG
n03976467,ILSVRC2012_val_00039731.JPEG
n03976467,ILSVRC2012_val_00041585.JPEG
n03976467,ILSVRC2012_val_00042635.JPEG
n03976467,ILSVRC2012_val_00044372.JPEG
n03976467,ILSVRC2012_val_00045344.JPEG
n03976467,ILSVRC2012_val_00046033.JPEG
n03976467,ILSVRC2012_val_00047323.JPEG
n03976467,ILSVRC2012_val_00049014.JPEG
n03977966,ILSVRC2012_val_00000452.JPEG
n03977966,ILSVRC2012_val_00001143.JPEG
n03977966,ILSVRC2012_val_00003121.JPEG
n03977966,ILSVRC2012_val_00003966.JPEG
n03977966,ILSVRC2012_val_00004130.JPEG
n03977966,ILSVRC2012_val_00004211.JPEG
n03977966,ILSVRC2012_val_00004319.JPEG
n03977966,ILSVRC2012_val_00004930.JPEG
n03977966,ILSVRC2012_val_00005345.JPEG
n03977966,ILSVRC2012_val_00006786.JPEG
n03977966,ILSVRC2012_val_00007655.JPEG
n03977966,ILSVRC2012_val_00007844.JPEG
n03977966,ILSVRC2012_val_00008953.JPEG
n03977966,ILSVRC2012_val_00009917.JPEG
n03977966,ILSVRC2012_val_00010166.JPEG
n03977966,ILSVRC2012_val_00010650.JPEG
n03977966,ILSVRC2012_val_00011461.JPEG
n03977966,ILSVRC2012_val_00012199.JPEG
n03977966,ILSVRC2012_val_00014660.JPEG
n03977966,ILSVRC2012_val_00015758.JPEG
n03977966,ILSVRC2012_val_00016091.JPEG
n03977966,ILSVRC2012_val_00020382.JPEG
n03977966,ILSVRC2012_val_00020853.JPEG
n03977966,ILSVRC2012_val_00021717.JPEG
n03977966,ILSVRC2012_val_00022743.JPEG
n03977966,ILSVRC2012_val_00022807.JPEG
n03977966,ILSVRC2012_val_00023057.JPEG
n03977966,ILSVRC2012_val_00023323.JPEG
n03977966,ILSVRC2012_val_00024761.JPEG
n03977966,ILSVRC2012_val_00026126.JPEG
n03977966,ILSVRC2012_val_00027383.JPEG
n03977966,ILSVRC2012_val_00029106.JPEG
n03977966,ILSVRC2012_val_00030038.JPEG
n03977966,ILSVRC2012_val_00030765.JPEG
n03977966,ILSVRC2012_val_00033376.JPEG
n03977966,ILSVRC2012_val_00033738.JPEG
n03977966,ILSVRC2012_val_00033923.JPEG
n03977966,ILSVRC2012_val_00034103.JPEG
n03977966,ILSVRC2012_val_00034511.JPEG
n03977966,ILSVRC2012_val_00035221.JPEG
n03977966,ILSVRC2012_val_00036046.JPEG
n03977966,ILSVRC2012_val_00036375.JPEG
n03977966,ILSVRC2012_val_00036592.JPEG
n03977966,ILSVRC2012_val_00040075.JPEG
n03977966,ILSVRC2012_val_00040406.JPEG
n03977966,ILSVRC2012_val_00042366.JPEG
n03977966,ILSVRC2012_val_00042710.JPEG
n03977966,ILSVRC2012_val_00043114.JPEG
n03977966,ILSVRC2012_val_00044943.JPEG
n03977966,ILSVRC2012_val_00046876.JPEG
n04019541,ILSVRC2012_val_00000454.JPEG
n04019541,ILSVRC2012_val_00000682.JPEG
n04019541,ILSVRC2012_val_00000861.JPEG
n04019541,ILSVRC2012_val_00002750.JPEG
n04019541,ILSVRC2012_val_00002816.JPEG
n04019541,ILSVRC2012_val_00004469.JPEG
n04019541,ILSVRC2012_val_00006926.JPEG
n04019541,ILSVRC2012_val_00007030.JPEG
n04019541,ILSVRC2012_val_00009756.JPEG
n04019541,ILSVRC2012_val_00010972.JPEG
n04019541,ILSVRC2012_val_00011282.JPEG
n04019541,ILSVRC2012_val_00012382.JPEG
n04019541,ILSVRC2012_val_00013391.JPEG
n04019541,ILSVRC2012_val_00014952.JPEG
n04019541,ILSVRC2012_val_00016439.JPEG
n04019541,ILSVRC2012_val_00017276.JPEG
n04019541,ILSVRC2012_val_00019105.JPEG
n04019541,ILSVRC2012_val_00020227.JPEG
n04019541,ILSVRC2012_val_00021409.JPEG
n04019541,ILSVRC2012_val_00021659.JPEG
n04019541,ILSVRC2012_val_00023684.JPEG
n04019541,ILSVRC2012_val_00023956.JPEG
n04019541,ILSVRC2012_val_00024203.JPEG
n04019541,ILSVRC2012_val_00024388.JPEG
n04019541,ILSVRC2012_val_00024506.JPEG
n04019541,ILSVRC2012_val_00024819.JPEG
n04019541,ILSVRC2012_val_00025351.JPEG
n04019541,ILSVRC2012_val_00027155.JPEG
n04019541,ILSVRC2012_val_00027603.JPEG
n04019541,ILSVRC2012_val_00028690.JPEG
n04019541,ILSVRC2012_val_00029072.JPEG
n04019541,ILSVRC2012_val_00031317.JPEG
n04019541,ILSVRC2012_val_00034959.JPEG
n04019541,ILSVRC2012_val_00035015.JPEG
n04019541,ILSVRC2012_val_00035285.JPEG
n04019541,ILSVRC2012_val_00038669.JPEG
n04019541,ILSVRC2012_val_00040433.JPEG
n04019541,ILSVRC2012_val_00040687.JPEG
n04019541,ILSVRC2012_val_00040797.JPEG
n04019541,ILSVRC2012_val_00040973.JPEG
n04019541,ILSVRC2012_val_00041035.JPEG
n04019541,ILSVRC2012_val_00041780.JPEG
n04019541,ILSVRC2012_val_00043277.JPEG
n04019541,ILSVRC2012_val_00044405.JPEG
n04019541,ILSVRC2012_val_00044487.JPEG
n04019541,ILSVRC2012_val_00048262.JPEG
n04019541,ILSVRC2012_val_00048759.JPEG
n04019541,ILSVRC2012_val_00049335.JPEG
n04019541,ILSVRC2012_val_00049419.JPEG
n04019541,ILSVRC2012_val_00049790.JPEG
n04040759,ILSVRC2012_val_00000770.JPEG
n04040759,ILSVRC2012_val_00000920.JPEG
n04040759,ILSVRC2012_val_00002151.JPEG
n04040759,ILSVRC2012_val_00004480.JPEG
n04040759,ILSVRC2012_val_00004913.JPEG
n04040759,ILSVRC2012_val_00006420.JPEG
n04040759,ILSVRC2012_val_00007508.JPEG
n04040759,ILSVRC2012_val_00009434.JPEG
n04040759,ILSVRC2012_val_00009437.JPEG
n04040759,ILSVRC2012_val_00011284.JPEG
n04040759,ILSVRC2012_val_00011655.JPEG
n04040759,ILSVRC2012_val_00012378.JPEG
n04040759,ILSVRC2012_val_00013683.JPEG
n04040759,ILSVRC2012_val_00013737.JPEG
n04040759,ILSVRC2012_val_00014285.JPEG
n04040759,ILSVRC2012_val_00015305.JPEG
n04040759,ILSVRC2012_val_00015712.JPEG
n04040759,ILSVRC2012_val_00016024.JPEG
n04040759,ILSVRC2012_val_00016784.JPEG
n04040759,ILSVRC2012_val_00017547.JPEG
n04040759,ILSVRC2012_val_00018235.JPEG
n04040759,ILSVRC2012_val_00018379.JPEG
n04040759,ILSVRC2012_val_00022101.JPEG
n04040759,ILSVRC2012_val_00023521.JPEG
n04040759,ILSVRC2012_val_00025084.JPEG
n04040759,ILSVRC2012_val_00026609.JPEG
n04040759,ILSVRC2012_val_00027713.JPEG
n04040759,ILSVRC2012_val_00028613.JPEG
n04040759,ILSVRC2012_val_00030119.JPEG
n04040759,ILSVRC2012_val_00030121.JPEG
n04040759,ILSVRC2012_val_00030262.JPEG
n04040759,ILSVRC2012_val_00030739.JPEG
n04040759,ILSVRC2012_val_00031556.JPEG
n04040759,ILSVRC2012_val_00031797.JPEG
n04040759,ILSVRC2012_val_00033635.JPEG
n04040759,ILSVRC2012_val_00034869.JPEG
n04040759,ILSVRC2012_val_00036403.JPEG
n04040759,ILSVRC2012_val_00039056.JPEG
n04040759,ILSVRC2012_val_00039292.JPEG
n04040759,ILSVRC2012_val_00040259.JPEG
n04040759,ILSVRC2012_val_00041590.JPEG
n04040759,ILSVRC2012_val_00041696.JPEG
n04040759,ILSVRC2012_val_00042431.JPEG
n04040759,ILSVRC2012_val_00044162.JPEG
n04040759,ILSVRC2012_val_00044386.JPEG
n04040759,ILSVRC2012_val_00046014.JPEG
n04040759,ILSVRC2012_val_00046601.JPEG
n04040759,ILSVRC2012_val_00046737.JPEG
n04040759,ILSVRC2012_val_00047521.JPEG
n04040759,ILSVRC2012_val_00049854.JPEG
n04081281,ILSVRC2012_val_00000591.JPEG
n04081281,ILSVRC2012_val_00003513.JPEG
n04081281,ILSVRC2012_val_00003807.JPEG
n04081281,ILSVRC2012_val_00004487.JPEG
n04081281,ILSVRC2012_val_00005240.JPEG
n04081281,ILSVRC2012_val_00006031.JPEG
n04081281,ILSVRC2012_val_00007483.JPEG
n04081281,ILSVRC2012_val_00007785.JPEG
n04081281,ILSVRC2012_val_00010600.JPEG
n04081281,ILSVRC2012_val_00011157.JPEG
n04081281,ILSVRC2012_val_00011936.JPEG
n04081281,ILSVRC2012_val_00012638.JPEG
n04081281,ILSVRC2012_val_00015051.JPEG
n04081281,ILSVRC2012_val_00015102.JPEG
n04081281,ILSVRC2012_val_00015832.JPEG
n04081281,ILSVRC2012_val_00017583.JPEG
n04081281,ILSVRC2012_val_00018289.JPEG
n04081281,ILSVRC2012_val_00018336.JPEG
n04081281,ILSVRC2012_val_00018924.JPEG
n04081281,ILSVRC2012_val_00019466.JPEG
n04081281,ILSVRC2012_val_00020263.JPEG
n04081281,ILSVRC2012_val_00021422.JPEG
n04081281,ILSVRC2012_val_00022403.JPEG
n04081281,ILSVRC2012_val_00022454.JPEG
n04081281,ILSVRC2012_val_00024449.JPEG
n04081281,ILSVRC2012_val_00026121.JPEG
n04081281,ILSVRC2012_val_00027720.JPEG
n04081281,ILSVRC2012_val_00027988.JPEG
n04081281,ILSVRC2012_val_00028385.JPEG
n04081281,ILSVRC2012_val_00028580.JPEG
n04081281,ILSVRC2012_val_00029996.JPEG
n04081281,ILSVRC2012_val_00030489.JPEG
n04081281,ILSVRC2012_val_00034128.JPEG
n04081281,ILSVRC2012_val_00036785.JPEG
n04081281,ILSVRC2012_val_00036857.JPEG
n04081281,ILSVRC2012_val_00038151.JPEG
n04081281,ILSVRC2012_val_00039132.JPEG
n04081281,ILSVRC2012_val_00039444.JPEG
n04081281,ILSVRC2012_val_00043267.JPEG
n04081281,ILSVRC2012_val_00043286.JPEG
n04081281,ILSVRC2012_val_00043772.JPEG
n04081281,ILSVRC2012_val_00044508.JPEG
n04081281,ILSVRC2012_val_00044550.JPEG
n04081281,ILSVRC2012_val_00045074.JPEG
n04081281,ILSVRC2012_val_00045105.JPEG
n04081281,ILSVRC2012_val_00046156.JPEG
n04081281,ILSVRC2012_val_00047007.JPEG
n04081281,ILSVRC2012_val_00048227.JPEG
n04081281,ILSVRC2012_val_00049099.JPEG
n04081281,ILSVRC2012_val_00049707.JPEG
n04118776,ILSVRC2012_val_00001210.JPEG
n04118776,ILSVRC2012_val_00001847.JPEG
n04118776,ILSVRC2012_val_00002360.JPEG
n04118776,ILSVRC2012_val_00002870.JPEG
n04118776,ILSVRC2012_val_00003900.JPEG
n04118776,ILSVRC2012_val_00004023.JPEG
n04118776,ILSVRC2012_val_00004174.JPEG
n04118776,ILSVRC2012_val_00008120.JPEG
n04118776,ILSVRC2012_val_00008452.JPEG
n04118776,ILSVRC2012_val_00008711.JPEG
n04118776,ILSVRC2012_val_00008999.JPEG
n04118776,ILSVRC2012_val_00009693.JPEG
n04118776,ILSVRC2012_val_00010180.JPEG
n04118776,ILSVRC2012_val_00010568.JPEG
n04118776,ILSVRC2012_val_00010864.JPEG
n04118776,ILSVRC2012_val_00011948.JPEG
n04118776,ILSVRC2012_val_00012748.JPEG
n04118776,ILSVRC2012_val_00013176.JPEG
n04118776,ILSVRC2012_val_00014473.JPEG
n04118776,ILSVRC2012_val_00016267.JPEG
n04118776,ILSVRC2012_val_00016799.JPEG
n04118776,ILSVRC2012_val_00017168.JPEG
n04118776,ILSVRC2012_val_00017428.JPEG
n04118776,ILSVRC2012_val_00017923.JPEG
n04118776,ILSVRC2012_val_00018373.JPEG
n04118776,ILSVRC2012_val_00020324.JPEG
n04118776,ILSVRC2012_val_00022379.JPEG
n04118776,ILSVRC2012_val_00022488.JPEG
n04118776,ILSVRC2012_val_00022556.JPEG
n04118776,ILSVRC2012_val_00022869.JPEG
n04118776,ILSVRC2012_val_00023733.JPEG
n04118776,ILSVRC2012_val_00025865.JPEG
n04118776,ILSVRC2012_val_00027203.JPEG
n04118776,ILSVRC2012_val_00027604.JPEG
n04118776,ILSVRC2012_val_00027784.JPEG
n04118776,ILSVRC2012_val_00029716.JPEG
n04118776,ILSVRC2012_val_00035509.JPEG
n04118776,ILSVRC2012_val_00035583.JPEG
n04118776,ILSVRC2012_val_00036839.JPEG
n04118776,ILSVRC2012_val_00038643.JPEG
n04118776,ILSVRC2012_val_00039429.JPEG
n04118776,ILSVRC2012_val_00040964.JPEG
n04118776,ILSVRC2012_val_00043998.JPEG
n04118776,ILSVRC2012_val_00045651.JPEG
n04118776,ILSVRC2012_val_00046198.JPEG
n04118776,ILSVRC2012_val_00046510.JPEG
n04118776,ILSVRC2012_val_00046636.JPEG
n04118776,ILSVRC2012_val_00047349.JPEG
n04118776,ILSVRC2012_val_00048870.JPEG
n04118776,ILSVRC2012_val_00049087.JPEG
n04125021,ILSVRC2012_val_00000143.JPEG
n04125021,ILSVRC2012_val_00000194.JPEG
n04125021,ILSVRC2012_val_00001169.JPEG
n04125021,ILSVRC2012_val_00001804.JPEG
n04125021,ILSVRC2012_val_00003885.JPEG
n04125021,ILSVRC2012_val_00005985.JPEG
n04125021,ILSVRC2012_val_00006008.JPEG
n04125021,ILSVRC2012_val_00006042.JPEG
n04125021,ILSVRC2012_val_00007732.JPEG
n04125021,ILSVRC2012_val_00009443.JPEG
n04125021,ILSVRC2012_val_00010948.JPEG
n04125021,ILSVRC2012_val_00011269.JPEG
n04125021,ILSVRC2012_val_00011800.JPEG
n04125021,ILSVRC2012_val_00013070.JPEG
n04125021,ILSVRC2012_val_00013801.JPEG
n04125021,ILSVRC2012_val_00015232.JPEG
n04125021,ILSVRC2012_val_00018545.JPEG
n04125021,ILSVRC2012_val_00019656.JPEG
n04125021,ILSVRC2012_val_00020701.JPEG
n04125021,ILSVRC2012_val_00021813.JPEG
n04125021,ILSVRC2012_val_00022074.JPEG
n04125021,ILSVRC2012_val_00024067.JPEG
n04125021,ILSVRC2012_val_00024752.JPEG
n04125021,ILSVRC2012_val_00029765.JPEG
n04125021,ILSVRC2012_val_00029966.JPEG
n04125021,ILSVRC2012_val_00032650.JPEG
n04125021,ILSVRC2012_val_00033545.JPEG
n04125021,ILSVRC2012_val_00034422.JPEG
n04125021,ILSVRC2012_val_00035802.JPEG
n04125021,ILSVRC2012_val_00036347.JPEG
n04125021,ILSVRC2012_val_00036698.JPEG
n04125021,ILSVRC2012_val_00037158.JPEG
n04125021,ILSVRC2012_val_00037377.JPEG
n04125021,ILSVRC2012_val_00037585.JPEG
n04125021,ILSVRC2012_val_00037819.JPEG
n04125021,ILSVRC2012_val_00037895.JPEG
n04125021,ILSVRC2012_val_00040028.JPEG
n04125021,ILSVRC2012_val_00041163.JPEG
n04125021,ILSVRC2012_val_00041624.JPEG
n04125021,ILSVRC2012_val_00041875.JPEG
n04125021,ILSVRC2012_val_00042742.JPEG
n04125021,ILSVRC2012_val_00042845.JPEG
n04125021,ILSVRC2012_val_00044122.JPEG
n04125021,ILSVRC2012_val_00044161.JPEG
n04125021,ILSVRC2012_val_00044870.JPEG
n04125021,ILSVRC2012_val_00045693.JPEG
n04125021,ILSVRC2012_val_00046523.JPEG
n04125021,ILSVRC2012_val_00047300.JPEG
n04125021,ILSVRC2012_val_00047426.JPEG
n04125021,ILSVRC2012_val_00049387.JPEG
n04209239,ILSVRC2012_val_00000527.JPEG
n04209239,ILSVRC2012_val_00003017.JPEG
n04209239,ILSVRC2012_val_00003105.JPEG
n04209239,ILSVRC2012_val_00003842.JPEG
n04209239,ILSVRC2012_val_00006852.JPEG
n04209239,ILSVRC2012_val_00007505.JPEG
n04209239,ILSVRC2012_val_00010492.JPEG
n04209239,ILSVRC2012_val_00011516.JPEG
n04209239,ILSVRC2012_val_00013514.JPEG
n04209239,ILSVRC2012_val_00013627.JPEG
n04209239,ILSVRC2012_val_00013908.JPEG
n04209239,ILSVRC2012_val_00013948.JPEG
n04209239,ILSVRC2012_val_00014474.JPEG
n04209239,ILSVRC2012_val_00015342.JPEG
n04209239,ILSVRC2012_val_00015822.JPEG
n04209239,ILSVRC2012_val_00016761.JPEG
n04209239,ILSVRC2012_val_00016871.JPEG
n04209239,ILSVRC2012_val_00020429.JPEG
n04209239,ILSVRC2012_val_00021217.JPEG
n04209239,ILSVRC2012_val_00022250.JPEG
n04209239,ILSVRC2012_val_00024446.JPEG
n04209239,ILSVRC2012_val_00025112.JPEG
n04209239,ILSVRC2012_val_00026264.JPEG
n04209239,ILSVRC2012_val_00026601.JPEG
n04209239,ILSVRC2012_val_00026834.JPEG
n04209239,ILSVRC2012_val_00026850.JPEG
n04209239,ILSVRC2012_val_00028999.JPEG
n04209239,ILSVRC2012_val_00029931.JPEG
n04209239,ILSVRC2012_val_00030436.JPEG
n04209239,ILSVRC2012_val_00031008.JPEG
n04209239,ILSVRC2012_val_00031266.JPEG
n04209239,ILSVRC2012_val_00031860.JPEG
n04209239,ILSVRC2012_val_00032213.JPEG
n04209239,ILSVRC2012_val_00032539.JPEG
n04209239,ILSVRC2012_val_00032893.JPEG
n04209239,ILSVRC2012_val_00033918.JPEG
n04209239,ILSVRC2012_val_00034414.JPEG
n04209239,ILSVRC2012_val_00034535.JPEG
n04209239,ILSVRC2012_val_00035393.JPEG
n04209239,ILSVRC2012_val_00038386.JPEG
n04209239,ILSVRC2012_val_00038593.JPEG
n04209239,ILSVRC2012_val_00039813.JPEG
n04209239,ILSVRC2012_val_00040307.JPEG
n04209239,ILSVRC2012_val_00040507.JPEG
n04209239,ILSVRC2012_val_00041879.JPEG
n04209239,ILSVRC2012_val_00044909.JPEG
n04209239,ILSVRC2012_val_00046099.JPEG
n04209239,ILSVRC2012_val_00048176.JPEG
n04209239,ILSVRC2012_val_00048319.JPEG
n04209239,ILSVRC2012_val_00049798.JPEG
n04239074,ILSVRC2012_val_00002286.JPEG
n04239074,ILSVRC2012_val_00002333.JPEG
n04239074,ILSVRC2012_val_00002366.JPEG
n04239074,ILSVRC2012_val_00002553.JPEG
n04239074,ILSVRC2012_val_00003278.JPEG
n04239074,ILSVRC2012_val_00003917.JPEG
n04239074,ILSVRC2012_val_00005292.JPEG
n04239074,ILSVRC2012_val_00006127.JPEG
n04239074,ILSVRC2012_val_00006471.JPEG
n04239074,ILSVRC2012_val_00006784.JPEG
n04239074,ILSVRC2012_val_00008251.JPEG
n04239074,ILSVRC2012_val_00008844.JPEG
n04239074,ILSVRC2012_val_00009490.JPEG
n04239074,ILSVRC2012_val_00010499.JPEG
n04239074,ILSVRC2012_val_00011546.JPEG
n04239074,ILSVRC2012_val_00014551.JPEG
n04239074,ILSVRC2012_val_00014865.JPEG
n04239074,ILSVRC2012_val_00015676.JPEG
n04239074,ILSVRC2012_val_00016116.JPEG
n04239074,ILSVRC2012_val_00017133.JPEG
n04239074,ILSVRC2012_val_00017394.JPEG
n04239074,ILSVRC2012_val_00018266.JPEG
n04239074,ILSVRC2012_val_00019786.JPEG
n04239074,ILSVRC2012_val_00020658.JPEG
n04239074,ILSVRC2012_val_00021286.JPEG
n04239074,ILSVRC2012_val_00021568.JPEG
n04239074,ILSVRC2012_val_00025100.JPEG
n04239074,ILSVRC2012_val_00025258.JPEG
n04239074,ILSVRC2012_val_00026414.JPEG
n04239074,ILSVRC2012_val_00026618.JPEG
n04239074,ILSVRC2012_val_00027039.JPEG
n04239074,ILSVRC2012_val_00029411.JPEG
n04239074,ILSVRC2012_val_00033585.JPEG
n04239074,ILSVRC2012_val_00034112.JPEG
n04239074,ILSVRC2012_val_00034378.JPEG
n04239074,ILSVRC2012_val_00036402.JPEG
n04239074,ILSVRC2012_val_00036883.JPEG
n04239074,ILSVRC2012_val_00041148.JPEG
n04239074,ILSVRC2012_val_00041231.JPEG
n04239074,ILSVRC2012_val_00041234.JPEG
n04239074,ILSVRC2012_val_00041869.JPEG
n04239074,ILSVRC2012_val_00043144.JPEG
n04239074,ILSVRC2012_val_00044499.JPEG
n04239074,ILSVRC2012_val_00044705.JPEG
n04239074,ILSVRC2012_val_00045707.JPEG
n04239074,ILSVRC2012_val_00045789.JPEG
n04239074,ILSVRC2012_val_00047799.JPEG
n04239074,ILSVRC2012_val_00048865.JPEG
n04239074,ILSVRC2012_val_00049051.JPEG
n04239074,ILSVRC2012_val_00049429.JPEG
n04252077,ILSVRC2012_val_00000131.JPEG
n04252077,ILSVRC2012_val_00003520.JPEG
n04252077,ILSVRC2012_val_00004475.JPEG
n04252077,ILSVRC2012_val_00004489.JPEG
n04252077,ILSVRC2012_val_00005353.JPEG
n04252077,ILSVRC2012_val_00006217.JPEG
n04252077,ILSVRC2012_val_00007830.JPEG
n04252077,ILSVRC2012_val_00008872.JPEG
n04252077,ILSVRC2012_val_00009236.JPEG
n04252077,ILSVRC2012_val_00009906.JPEG
n04252077,ILSVRC2012_val_00010177.JPEG
n04252077,ILSVRC2012_val_00011313.JPEG
n04252077,ILSVRC2012_val_00011371.JPEG
n04252077,ILSVRC2012_val_00011832.JPEG
n04252077,ILSVRC2012_val_00012811.JPEG
n04252077,ILSVRC2012_val_00012989.JPEG
n04252077,ILSVRC2012_val_00015994.JPEG
n04252077,ILSVRC2012_val_00018612.JPEG
n04252077,ILSVRC2012_val_00018998.JPEG
n04252077,ILSVRC2012_val_00020597.JPEG
n04252077,ILSVRC2012_val_00022958.JPEG
n04252077,ILSVRC2012_val_00023010.JPEG
n04252077,ILSVRC2012_val_00026759.JPEG
n04252077,ILSVRC2012_val_00027261.JPEG
n04252077,ILSVRC2012_val_00028111.JPEG
n04252077,ILSVRC2012_val_00029247.JPEG
n04252077,ILSVRC2012_val_00029893.JPEG
n04252077,ILSVRC2012_val_00030647.JPEG
n04252077,ILSVRC2012_val_00030751.JPEG
n04252077,ILSVRC2012_val_00031176.JPEG
n04252077,ILSVRC2012_val_00032625.JPEG
n04252077,ILSVRC2012_val_00032733.JPEG
n04252077,ILSVRC2012_val_00033043.JPEG
n04252077,ILSVRC2012_val_00034603.JPEG
n04252077,ILSVRC2012_val_00035236.JPEG
n04252077,ILSVRC2012_val_00035620.JPEG
n04252077,ILSVRC2012_val_00037661.JPEG
n04252077,ILSVRC2012_val_00041125.JPEG
n04252077,ILSVRC2012_val_00041951.JPEG
n04252077,ILSVRC2012_val_00042114.JPEG
n04252077,ILSVRC2012_val_00043595.JPEG
n04252077,ILSVRC2012_val_00044613.JPEG
n04252077,ILSVRC2012_val_00044879.JPEG
n04252077,ILSVRC2012_val_00046727.JPEG
n04252077,ILSVRC2012_val_00046936.JPEG
n04252077,ILSVRC2012_val_00047033.JPEG
n04252077,ILSVRC2012_val_00047197.JPEG
n04252077,ILSVRC2012_val_00048428.JPEG
n04252077,ILSVRC2012_val_00048551.JPEG
n04252077,ILSVRC2012_val_00048564.JPEG
n04277352,ILSVRC2012_val_00000349.JPEG
n04277352,ILSVRC2012_val_00001240.JPEG
n04277352,ILSVRC2012_val_00001657.JPEG
n04277352,ILSVRC2012_val_00001759.JPEG
n04277352,ILSVRC2012_val_00002793.JPEG
n04277352,ILSVRC2012_val_00003126.JPEG
n04277352,ILSVRC2012_val_00003535.JPEG
n04277352,ILSVRC2012_val_00004080.JPEG
n04277352,ILSVRC2012_val_00006016.JPEG
n04277352,ILSVRC2012_val_00006163.JPEG
n04277352,ILSVRC2012_val_00006548.JPEG
n04277352,ILSVRC2012_val_00006684.JPEG
n04277352,ILSVRC2012_val_00007435.JPEG
n04277352,ILSVRC2012_val_00008507.JPEG
n04277352,ILSVRC2012_val_00009726.JPEG
n04277352,ILSVRC2012_val_00011226.JPEG
n04277352,ILSVRC2012_val_00014085.JPEG
n04277352,ILSVRC2012_val_00017098.JPEG
n04277352,ILSVRC2012_val_00017426.JPEG
n04277352,ILSVRC2012_val_00017960.JPEG
n04277352,ILSVRC2012_val_00018256.JPEG
n04277352,ILSVRC2012_val_00018794.JPEG
n04277352,ILSVRC2012_val_00020067.JPEG
n04277352,ILSVRC2012_val_00020336.JPEG
n04277352,ILSVRC2012_val_00020712.JPEG
n04277352,ILSVRC2012_val_00021185.JPEG
n04277352,ILSVRC2012_val_00021243.JPEG
n04277352,ILSVRC2012_val_00021261.JPEG
n04277352,ILSVRC2012_val_00021578.JPEG
n04277352,ILSVRC2012_val_00022299.JPEG
n04277352,ILSVRC2012_val_00024725.JPEG
n04277352,ILSVRC2012_val_00027085.JPEG
n04277352,ILSVRC2012_val_00028589.JPEG
n04277352,ILSVRC2012_val_00030372.JPEG
n04277352,ILSVRC2012_val_00031810.JPEG
n04277352,ILSVRC2012_val_00032999.JPEG
n04277352,ILSVRC2012_val_00034106.JPEG
n04277352,ILSVRC2012_val_00034139.JPEG
n04277352,ILSVRC2012_val_00034385.JPEG
n04277352,ILSVRC2012_val_00035970.JPEG
n04277352,ILSVRC2012_val_00036078.JPEG
n04277352,ILSVRC2012_val_00037226.JPEG
n04277352,ILSVRC2012_val_00037405.JPEG
n04277352,ILSVRC2012_val_00038422.JPEG
n04277352,ILSVRC2012_val_00039856.JPEG
n04277352,ILSVRC2012_val_00039896.JPEG
n04277352,ILSVRC2012_val_00041765.JPEG
n04277352,ILSVRC2012_val_00044800.JPEG
n04277352,ILSVRC2012_val_00049386.JPEG
n04277352,ILSVRC2012_val_00049496.JPEG
n04286575,ILSVRC2012_val_00000345.JPEG
n04286575,ILSVRC2012_val_00000843.JPEG
n04286575,ILSVRC2012_val_00000959.JPEG
n04286575,ILSVRC2012_val_00001679.JPEG
n04286575,ILSVRC2012_val_00002856.JPEG
n04286575,ILSVRC2012_val_00003509.JPEG
n04286575,ILSVRC2012_val_00006882.JPEG
n04286575,ILSVRC2012_val_00007039.JPEG
n04286575,ILSVRC2012_val_00008187.JPEG
n04286575,ILSVRC2012_val_00008515.JPEG
n04286575,ILSVRC2012_val_00008643.JPEG
n04286575,ILSVRC2012_val_00009421.JPEG
n04286575,ILSVRC2012_val_00011571.JPEG
n04286575,ILSVRC2012_val_00014051.JPEG
n04286575,ILSVRC2012_val_00015036.JPEG
n04286575,ILSVRC2012_val_00015779.JPEG
n04286575,ILSVRC2012_val_00017062.JPEG
n04286575,ILSVRC2012_val_00018294.JPEG
n04286575,ILSVRC2012_val_00020426.JPEG
n04286575,ILSVRC2012_val_00023584.JPEG
n04286575,ILSVRC2012_val_00024790.JPEG
n04286575,ILSVRC2012_val_00025176.JPEG
n04286575,ILSVRC2012_val_00026849.JPEG
n04286575,ILSVRC2012_val_00026988.JPEG
n04286575,ILSVRC2012_val_00027796.JPEG
n04286575,ILSVRC2012_val_00028258.JPEG
n04286575,ILSVRC2012_val_00032647.JPEG
n04286575,ILSVRC2012_val_00033190.JPEG
n04286575,ILSVRC2012_val_00033679.JPEG
n04286575,ILSVRC2012_val_00034493.JPEG
n04286575,ILSVRC2012_val_00034914.JPEG
n04286575,ILSVRC2012_val_00035484.JPEG
n04286575,ILSVRC2012_val_00036296.JPEG
n04286575,ILSVRC2012_val_00037651.JPEG
n04286575,ILSVRC2012_val_00039549.JPEG
n04286575,ILSVRC2012_val_00039842.JPEG
n04286575,ILSVRC2012_val_00040305.JPEG
n04286575,ILSVRC2012_val_00041396.JPEG
n04286575,ILSVRC2012_val_00042388.JPEG
n04286575,ILSVRC2012_val_00042961.JPEG
n04286575,ILSVRC2012_val_00043490.JPEG
n04286575,ILSVRC2012_val_00044096.JPEG
n04286575,ILSVRC2012_val_00044324.JPEG
n04286575,ILSVRC2012_val_00044452.JPEG
n04286575,ILSVRC2012_val_00044673.JPEG
n04286575,ILSVRC2012_val_00045535.JPEG
n04286575,ILSVRC2012_val_00046750.JPEG
n04286575,ILSVRC2012_val_00047625.JPEG
n04286575,ILSVRC2012_val_00049656.JPEG
n04286575,ILSVRC2012_val_00049733.JPEG
n04328186,ILSVRC2012_val_00000290.JPEG
n04328186,ILSVRC2012_val_00001412.JPEG
n04328186,ILSVRC2012_val_00002197.JPEG
n04328186,ILSVRC2012_val_00003983.JPEG
n04328186,ILSVRC2012_val_00004385.JPEG
n04328186,ILSVRC2012_val_00005075.JPEG
n04328186,ILSVRC2012_val_00005281.JPEG
n04328186,ILSVRC2012_val_00006190.JPEG
n04328186,ILSVRC2012_val_00007145.JPEG
n04328186,ILSVRC2012_val_00008052.JPEG
n04328186,ILSVRC2012_val_00010042.JPEG
n04328186,ILSVRC2012_val_00010517.JPEG
n04328186,ILSVRC2012_val_00011103.JPEG
n04328186,ILSVRC2012_val_00011717.JPEG
n04328186,ILSVRC2012_val_00012946.JPEG
n04328186,ILSVRC2012_val_00013770.JPEG
n04328186,ILSVRC2012_val_00014153.JPEG
n04328186,ILSVRC2012_val_00014795.JPEG
n04328186,ILSVRC2012_val_00017686.JPEG
n04328186,ILSVRC2012_val_00020153.JPEG
n04328186,ILSVRC2012_val_00023288.JPEG
n04328186,ILSVRC2012_val_00023330.JPEG
n04328186,ILSVRC2012_val_00024579.JPEG
n04328186,ILSVRC2012_val_00025621.JPEG
n04328186,ILSVRC2012_val_00025757.JPEG
n04328186,ILSVRC2012_val_00028484.JPEG
n04328186,ILSVRC2012_val_00029240.JPEG
n04328186,ILSVRC2012_val_00029493.JPEG
n04328186,ILSVRC2012_val_00031291.JPEG
n04328186,ILSVRC2012_val_00031892.JPEG
n04328186,ILSVRC2012_val_00032097.JPEG
n04328186,ILSVRC2012_val_00034636.JPEG
n04328186,ILSVRC2012_val_00035635.JPEG
n04328186,ILSVRC2012_val_00035731.JPEG
n04328186,ILSVRC2012_val_00037238.JPEG
n04328186,ILSVRC2012_val_00037805.JPEG
n04328186,ILSVRC2012_val_00038729.JPEG
n04328186,ILSVRC2012_val_00039517.JPEG
n04328186,ILSVRC2012_val_00041340.JPEG
n04328186,ILSVRC2012_val_00041973.JPEG
n04328186,ILSVRC2012_val_00043606.JPEG
n04328186,ILSVRC2012_val_00044825.JPEG
n04328186,ILSVRC2012_val_00045012.JPEG
n04328186,ILSVRC2012_val_00045015.JPEG
n04328186,ILSVRC2012_val_00045064.JPEG
n04328186,ILSVRC2012_val_00045345.JPEG
n04328186,ILSVRC2012_val_00047805.JPEG
n04328186,ILSVRC2012_val_00048093.JPEG
n04328186,ILSVRC2012_val_00049839.JPEG
n04328186,ILSVRC2012_val_00049993.JPEG
n04335435,ILSVRC2012_val_00000714.JPEG
n04335435,ILSVRC2012_val_00001293.JPEG
n04335435,ILSVRC2012_val_00003582.JPEG
n04335435,ILSVRC2012_val_00004778.JPEG
n04335435,ILSVRC2012_val_00004855.JPEG
n04335435,ILSVRC2012_val_00005737.JPEG
n04335435,ILSVRC2012_val_00008454.JPEG
n04335435,ILSVRC2012_val_00009893.JPEG
n04335435,ILSVRC2012_val_00012076.JPEG
n04335435,ILSVRC2012_val_00012913.JPEG
n04335435,ILSVRC2012_val_00013441.JPEG
n04335435,ILSVRC2012_val_00014433.JPEG
n04335435,ILSVRC2012_val_00015862.JPEG
n04335435,ILSVRC2012_val_00016288.JPEG
n04335435,ILSVRC2012_val_00016477.JPEG
n04335435,ILSVRC2012_val_00017135.JPEG
n04335435,ILSVRC2012_val_00019234.JPEG
n04335435,ILSVRC2012_val_00019349.JPEG
n04335435,ILSVRC2012_val_00020617.JPEG
n04335435,ILSVRC2012_val_00021553.JPEG
n04335435,ILSVRC2012_val_00022600.JPEG
n04335435,ILSVRC2012_val_00024071.JPEG
n04335435,ILSVRC2012_val_00024430.JPEG
n04335435,ILSVRC2012_val_00024820.JPEG
n04335435,ILSVRC2012_val_00027691.JPEG
n04335435,ILSVRC2012_val_00028630.JPEG
n04335435,ILSVRC2012_val_00029187.JPEG
n04335435,ILSVRC2012_val_00030861.JPEG
n04335435,ILSVRC2012_val_00031204.JPEG
n04335435,ILSVRC2012_val_00031357.JPEG
n04335435,ILSVRC2012_val_00031714.JPEG
n04335435,ILSVRC2012_val_00032692.JPEG
n04335435,ILSVRC2012_val_00033110.JPEG
n04335435,ILSVRC2012_val_00033772.JPEG
n04335435,ILSVRC2012_val_00036449.JPEG
n04335435,ILSVRC2012_val_00036805.JPEG
n04335435,ILSVRC2012_val_00038259.JPEG
n04335435,ILSVRC2012_val_00040648.JPEG
n04335435,ILSVRC2012_val_00042166.JPEG
n04335435,ILSVRC2012_val_00043000.JPEG
n04335435,ILSVRC2012_val_00044131.JPEG
n04335435,ILSVRC2012_val_00045531.JPEG
n04335435,ILSVRC2012_val_00045852.JPEG
n04335435,ILSVRC2012_val_00046104.JPEG
n04335435,ILSVRC2012_val_00046946.JPEG
n04335435,ILSVRC2012_val_00048230.JPEG
n04335435,ILSVRC2012_val_00048404.JPEG
n04335435,ILSVRC2012_val_00048572.JPEG
n04335435,ILSVRC2012_val_00049437.JPEG
n04335435,ILSVRC2012_val_00049663.JPEG
n04357314,ILSVRC2012_val_00001102.JPEG
n04357314,ILSVRC2012_val_00001610.JPEG
n04357314,ILSVRC2012_val_00002185.JPEG
n04357314,ILSVRC2012_val_00003237.JPEG
n04357314,ILSVRC2012_val_00003757.JPEG
n04357314,ILSVRC2012_val_00006886.JPEG
n04357314,ILSVRC2012_val_00007627.JPEG
n04357314,ILSVRC2012_val_00007823.JPEG
n04357314,ILSVRC2012_val_00008617.JPEG
n04357314,ILSVRC2012_val_00009430.JPEG
n04357314,ILSVRC2012_val_00010333.JPEG
n04357314,ILSVRC2012_val_00010392.JPEG
n04357314,ILSVRC2012_val_00010438.JPEG
n04357314,ILSVRC2012_val_00011004.JPEG
n04357314,ILSVRC2012_val_00011485.JPEG
n04357314,ILSVRC2012_val_00011920.JPEG
n04357314,ILSVRC2012_val_00013977.JPEG
n04357314,ILSVRC2012_val_00014837.JPEG
n04357314,ILSVRC2012_val_00015247.JPEG
n04357314,ILSVRC2012_val_00016521.JPEG
n04357314,ILSVRC2012_val_00016583.JPEG
n04357314,ILSVRC2012_val_00017550.JPEG
n04357314,ILSVRC2012_val_00020060.JPEG
n04357314,ILSVRC2012_val_00020425.JPEG
n04357314,ILSVRC2012_val_00021692.JPEG
n04357314,ILSVRC2012_val_00022026.JPEG
n04357314,ILSVRC2012_val_00022465.JPEG
n04357314,ILSVRC2012_val_00022793.JPEG
n04357314,ILSVRC2012_val_00023177.JPEG
n04357314,ILSVRC2012_val_00023241.JPEG
n04357314,ILSVRC2012_val_00023485.JPEG
n04357314,ILSVRC2012_val_00023722.JPEG
n04357314,ILSVRC2012_val_00025046.JPEG
n04357314,ILSVRC2012_val_00026569.JPEG
n04357314,ILSVRC2012_val_00027170.JPEG
n04357314,ILSVRC2012_val_00029065.JPEG
n04357314,ILSVRC2012_val_00029557.JPEG
n04357314,ILSVRC2012_val_00031584.JPEG
n04357314,ILSVRC2012_val_00031807.JPEG
n04357314,ILSVRC2012_val_00031832.JPEG
n04357314,ILSVRC2012_val_00037021.JPEG
n04357314,ILSVRC2012_val_00038081.JPEG
n04357314,ILSVRC2012_val_00039236.JPEG
n04357314,ILSVRC2012_val_00039738.JPEG
n04357314,ILSVRC2012_val_00041571.JPEG
n04357314,ILSVRC2012_val_00043950.JPEG
n04357314,ILSVRC2012_val_00047957.JPEG
n04357314,ILSVRC2012_val_00048550.JPEG
n04357314,ILSVRC2012_val_00049539.JPEG
n04357314,ILSVRC2012_val_00049787.JPEG
n04418357,ILSVRC2012_val_00002206.JPEG
n04418357,ILSVRC2012_val_00004032.JPEG
n04418357,ILSVRC2012_val_00006452.JPEG
n04418357,ILSVRC2012_val_00006662.JPEG
n04418357,ILSVRC2012_val_00007815.JPEG
n04418357,ILSVRC2012_val_00007909.JPEG
n04418357,ILSVRC2012_val_00009384.JPEG
n04418357,ILSVRC2012_val_00011246.JPEG
n04418357,ILSVRC2012_val_00011972.JPEG
n04418357,ILSVRC2012_val_00013044.JPEG
n04418357,ILSVRC2012_val_00013433.JPEG
n04418357,ILSVRC2012_val_00014690.JPEG
n04418357,ILSVRC2012_val_00016570.JPEG
n04418357,ILSVRC2012_val_00017202.JPEG
n04418357,ILSVRC2012_val_00017503.JPEG
n04418357,ILSVRC2012_val_00019376.JPEG
n04418357,ILSVRC2012_val_00020310.JPEG
n04418357,ILSVRC2012_val_00020669.JPEG
n04418357,ILSVRC2012_val_00021010.JPEG
n04418357,ILSVRC2012_val_00021503.JPEG
n04418357,ILSVRC2012_val_00021937.JPEG
n04418357,ILSVRC2012_val_00022941.JPEG
n04418357,ILSVRC2012_val_00024485.JPEG
n04418357,ILSVRC2012_val_00028155.JPEG
n04418357,ILSVRC2012_val_00029189.JPEG
n04418357,ILSVRC2012_val_00029467.JPEG
n04418357,ILSVRC2012_val_00029845.JPEG
n04418357,ILSVRC2012_val_00030589.JPEG
n04418357,ILSVRC2012_val_00032170.JPEG
n04418357,ILSVRC2012_val_00032829.JPEG
n04418357,ILSVRC2012_val_00033774.JPEG
n04418357,ILSVRC2012_val_00034027.JPEG
n04418357,ILSVRC2012_val_00034376.JPEG
n04418357,ILSVRC2012_val_00036021.JPEG
n04418357,ILSVRC2012_val_00036049.JPEG
n04418357,ILSVRC2012_val_00036685.JPEG
n04418357,ILSVRC2012_val_00037057.JPEG
n04418357,ILSVRC2012_val_00038177.JPEG
n04418357,ILSVRC2012_val_00040380.JPEG
n04418357,ILSVRC2012_val_00041170.JPEG
n04418357,ILSVRC2012_val_00041249.JPEG
n04418357,ILSVRC2012_val_00041386.JPEG
n04418357,ILSVRC2012_val_00046075.JPEG
n04418357,ILSVRC2012_val_00047409.JPEG
n04418357,ILSVRC2012_val_00047528.JPEG
n04418357,ILSVRC2012_val_00048520.JPEG
n04418357,ILSVRC2012_val_00048705.JPEG
n04418357,ILSVRC2012_val_00049075.JPEG
n04418357,ILSVRC2012_val_00049138.JPEG
n04418357,ILSVRC2012_val_00049398.JPEG
n04423845,ILSVRC2012_val_00001263.JPEG
n04423845,ILSVRC2012_val_00002820.JPEG
n04423845,ILSVRC2012_val_00003052.JPEG
n04423845,ILSVRC2012_val_00004237.JPEG
n04423845,ILSVRC2012_val_00005959.JPEG
n04423845,ILSVRC2012_val_00006762.JPEG
n04423845,ILSVRC2012_val_00006890.JPEG
n04423845,ILSVRC2012_val_00009038.JPEG
n04423845,ILSVRC2012_val_00010007.JPEG
n04423845,ILSVRC2012_val_00010349.JPEG
n04423845,ILSVRC2012_val_00011182.JPEG
n04423845,ILSVRC2012_val_00011341.JPEG
n04423845,ILSVRC2012_val_00013128.JPEG
n04423845,ILSVRC2012_val_00013980.JPEG
n04423845,ILSVRC2012_val_00014027.JPEG
n04423845,ILSVRC2012_val_00019583.JPEG
n04423845,ILSVRC2012_val_00019979.JPEG
n04423845,ILSVRC2012_val_00020705.JPEG
n04423845,ILSVRC2012_val_00020988.JPEG
n04423845,ILSVRC2012_val_00022060.JPEG
n04423845,ILSVRC2012_val_00023083.JPEG
n04423845,ILSVRC2012_val_00023374.JPEG
n04423845,ILSVRC2012_val_00023632.JPEG
n04423845,ILSVRC2012_val_00024959.JPEG
n04423845,ILSVRC2012_val_00025320.JPEG
n04423845,ILSVRC2012_val_00026002.JPEG
n04423845,ILSVRC2012_val_00026989.JPEG
n04423845,ILSVRC2012_val_00027251.JPEG
n04423845,ILSVRC2012_val_00027942.JPEG
n04423845,ILSVRC2012_val_00030185.JPEG
n04423845,ILSVRC2012_val_00030456.JPEG
n04423845,ILSVRC2012_val_00032028.JPEG
n04423845,ILSVRC2012_val_00035338.JPEG
n04423845,ILSVRC2012_val_00036153.JPEG
n04423845,ILSVRC2012_val_00036482.JPEG
n04423845,ILSVRC2012_val_00036633.JPEG
n04423845,ILSVRC2012_val_00038609.JPEG
n04423845,ILSVRC2012_val_00039405.JPEG
n04423845,ILSVRC2012_val_00039527.JPEG
n04423845,ILSVRC2012_val_00041828.JPEG
n04423845,ILSVRC2012_val_00042122.JPEG
n04423845,ILSVRC2012_val_00043115.JPEG
n04423845,ILSVRC2012_val_00044151.JPEG
n04423845,ILSVRC2012_val_00044572.JPEG
n04423845,ILSVRC2012_val_00046161.JPEG
n04423845,ILSVRC2012_val_00046188.JPEG
n04423845,ILSVRC2012_val_00046808.JPEG
n04423845,ILSVRC2012_val_00046874.JPEG
n04423845,ILSVRC2012_val_00047072.JPEG
n04423845,ILSVRC2012_val_00047322.JPEG
n04443257,ILSVRC2012_val_00000561.JPEG
n04443257,ILSVRC2012_val_00001510.JPEG
n04443257,ILSVRC2012_val_00001733.JPEG
n04443257,ILSVRC2012_val_00001820.JPEG
n04443257,ILSVRC2012_val_00003965.JPEG
n04443257,ILSVRC2012_val_00004326.JPEG
n04443257,ILSVRC2012_val_00004633.JPEG
n04443257,ILSVRC2012_val_00008594.JPEG
n04443257,ILSVRC2012_val_00009808.JPEG
n04443257,ILSVRC2012_val_00010034.JPEG
n04443257,ILSVRC2012_val_00010184.JPEG
n04443257,ILSVRC2012_val_00011540.JPEG
n04443257,ILSVRC2012_val_00012284.JPEG
n04443257,ILSVRC2012_val_00014272.JPEG
n04443257,ILSVRC2012_val_00015268.JPEG
n04443257,ILSVRC2012_val_00015366.JPEG
n04443257,ILSVRC2012_val_00017585.JPEG
n04443257,ILSVRC2012_val_00018548.JPEG
n04443257,ILSVRC2012_val_00018875.JPEG
n04443257,ILSVRC2012_val_00020110.JPEG
n04443257,ILSVRC2012_val_00021395.JPEG
n04443257,ILSVRC2012_val_00021419.JPEG
n04443257,ILSVRC2012_val_00022107.JPEG
n04443257,ILSVRC2012_val_00022890.JPEG
n04443257,ILSVRC2012_val_00023578.JPEG
n04443257,ILSVRC2012_val_00024177.JPEG
n04443257,ILSVRC2012_val_00026257.JPEG
n04443257,ILSVRC2012_val_00026837.JPEG
n04443257,ILSVRC2012_val_00027630.JPEG
n04443257,ILSVRC2012_val_00029586.JPEG
n04443257,ILSVRC2012_val_00029878.JPEG
n04443257,ILSVRC2012_val_00029997.JPEG
n04443257,ILSVRC2012_val_00030711.JPEG
n04443257,ILSVRC2012_val_00032397.JPEG
n04443257,ILSVRC2012_val_00035144.JPEG
n04443257,ILSVRC2012_val_00035695.JPEG
n04443257,ILSVRC2012_val_00035960.JPEG
n04443257,ILSVRC2012_val_00036516.JPEG
n04443257,ILSVRC2012_val_00040807.JPEG
n04443257,ILSVRC2012_val_00041106.JPEG
n04443257,ILSVRC2012_val_00041466.JPEG
n04443257,ILSVRC2012_val_00041486.JPEG
n04443257,ILSVRC2012_val_00043259.JPEG
n04443257,ILSVRC2012_val_00043330.JPEG
n04443257,ILSVRC2012_val_00043358.JPEG
n04443257,ILSVRC2012_val_00044655.JPEG
n04443257,ILSVRC2012_val_00045194.JPEG
n04443257,ILSVRC2012_val_00045486.JPEG
n04443257,ILSVRC2012_val_00046294.JPEG
n04443257,ILSVRC2012_val_00048767.JPEG
n04483307,ILSVRC2012_val_00001519.JPEG
n04483307,ILSVRC2012_val_00002094.JPEG
n04483307,ILSVRC2012_val_00005196.JPEG
n04483307,ILSVRC2012_val_00005581.JPEG
n04483307,ILSVRC2012_val_00005883.JPEG
n04483307,ILSVRC2012_val_00006371.JPEG
n04483307,ILSVRC2012_val_00007832.JPEG
n04483307,ILSVRC2012_val_00008577.JPEG
n04483307,ILSVRC2012_val_00009241.JPEG
n04483307,ILSVRC2012_val_00012323.JPEG
n04483307,ILSVRC2012_val_00013014.JPEG
n04483307,ILSVRC2012_val_00013203.JPEG
n04483307,ILSVRC2012_val_00013389.JPEG
n04483307,ILSVRC2012_val_00013464.JPEG
n04483307,ILSVRC2012_val_00014691.JPEG
n04483307,ILSVRC2012_val_00016022.JPEG
n04483307,ILSVRC2012_val_00017663.JPEG
n04483307,ILSVRC2012_val_00017755.JPEG
n04483307,ILSVRC2012_val_00017840.JPEG
n04483307,ILSVRC2012_val_00019354.JPEG
n04483307,ILSVRC2012_val_00019577.JPEG
n04483307,ILSVRC2012_val_00020248.JPEG
n04483307,ILSVRC2012_val_00021050.JPEG
n04483307,ILSVRC2012_val_00022507.JPEG
n04483307,ILSVRC2012_val_00025024.JPEG
n04483307,ILSVRC2012_val_00027411.JPEG
n04483307,ILSVRC2012_val_00027782.JPEG
n04483307,ILSVRC2012_val_00028013.JPEG
n04483307,ILSVRC2012_val_00028262.JPEG
n04483307,ILSVRC2012_val_00028995.JPEG
n04483307,ILSVRC2012_val_00029529.JPEG
n04483307,ILSVRC2012_val_00032321.JPEG
n04483307,ILSVRC2012_val_00033339.JPEG
n04483307,ILSVRC2012_val_00034885.JPEG
n04483307,ILSVRC2012_val_00035056.JPEG
n04483307,ILSVRC2012_val_00035852.JPEG
n04483307,ILSVRC2012_val_00035945.JPEG
n04483307,ILSVRC2012_val_00037667.JPEG
n04483307,ILSVRC2012_val_00038451.JPEG
n04483307,ILSVRC2012_val_00038739.JPEG
n04483307,ILSVRC2012_val_00038907.JPEG
n04483307,ILSVRC2012_val_00040034.JPEG
n04483307,ILSVRC2012_val_00040333.JPEG
n04483307,ILSVRC2012_val_00040719.JPEG
n04483307,ILSVRC2012_val_00043834.JPEG
n04483307,ILSVRC2012_val_00044985.JPEG
n04483307,ILSVRC2012_val_00045574.JPEG
n04483307,ILSVRC2012_val_00048457.JPEG
n04483307,ILSVRC2012_val_00049433.JPEG
n04483307,ILSVRC2012_val_00049859.JPEG
n04493381,ILSVRC2012_val_00000874.JPEG
n04493381,ILSVRC2012_val_00003580.JPEG
n04493381,ILSVRC2012_val_00006781.JPEG
n04493381,ILSVRC2012_val_00008574.JPEG
n04493381,ILSVRC2012_val_00008932.JPEG
n04493381,ILSVRC2012_val_00009561.JPEG
n04493381,ILSVRC2012_val_00009864.JPEG
n04493381,ILSVRC2012_val_00010293.JPEG
n04493381,ILSVRC2012_val_00012077.JPEG
n04493381,ILSVRC2012_val_00013218.JPEG
n04493381,ILSVRC2012_val_00014421.JPEG
n04493381,ILSVRC2012_val_00015101.JPEG
n04493381,ILSVRC2012_val_00015609.JPEG
n04493381,ILSVRC2012_val_00015843.JPEG
n04493381,ILSVRC2012_val_00017340.JPEG
n04493381,ILSVRC2012_val_00018399.JPEG
n04493381,ILSVRC2012_val_00018795.JPEG
n04493381,ILSVRC2012_val_00020768.JPEG
n04493381,ILSVRC2012_val_00021949.JPEG
n04493381,ILSVRC2012_val_00025239.JPEG
n04493381,ILSVRC2012_val_00025823.JPEG
n04493381,ILSVRC2012_val_00026655.JPEG
n04493381,ILSVRC2012_val_00027916.JPEG
n04493381,ILSVRC2012_val_00028127.JPEG
n04493381,ILSVRC2012_val_00031080.JPEG
n04493381,ILSVRC2012_val_00031207.JPEG
n04493381,ILSVRC2012_val_00032144.JPEG
n04493381,ILSVRC2012_val_00032523.JPEG
n04493381,ILSVRC2012_val_00033123.JPEG
n04493381,ILSVRC2012_val_00033197.JPEG
n04493381,ILSVRC2012_val_00034164.JPEG
n04493381,ILSVRC2012_val_00034621.JPEG
n04493381,ILSVRC2012_val_00034803.JPEG
n04493381,ILSVRC2012_val_00035548.JPEG
n04493381,ILSVRC2012_val_00036788.JPEG
n04493381,ILSVRC2012_val_00037255.JPEG
n04493381,ILSVRC2012_val_00037884.JPEG
n04493381,ILSVRC2012_val_00038066.JPEG
n04493381,ILSVRC2012_val_00038337.JPEG
n04493381,ILSVRC2012_val_00039442.JPEG
n04493381,ILSVRC2012_val_00042435.JPEG
n04493381,ILSVRC2012_val_00042481.JPEG
n04493381,ILSVRC2012_val_00043658.JPEG
n04493381,ILSVRC2012_val_00044859.JPEG
n04493381,ILSVRC2012_val_00046954.JPEG
n04493381,ILSVRC2012_val_00047610.JPEG
n04493381,ILSVRC2012_val_00048028.JPEG
n04493381,ILSVRC2012_val_00048973.JPEG
n04493381,ILSVRC2012_val_00049114.JPEG
n04493381,ILSVRC2012_val_00049853.JPEG
n04542943,ILSVRC2012_val_00000797.JPEG
n04542943,ILSVRC2012_val_00003642.JPEG
n04542943,ILSVRC2012_val_00003817.JPEG
n04542943,ILSVRC2012_val_00004323.JPEG
n04542943,ILSVRC2012_val_00007336.JPEG
n04542943,ILSVRC2012_val_00009343.JPEG
n04542943,ILSVRC2012_val_00010093.JPEG
n04542943,ILSVRC2012_val_00011944.JPEG
n04542943,ILSVRC2012_val_00015462.JPEG
n04542943,ILSVRC2012_val_00015573.JPEG
n04542943,ILSVRC2012_val_00015750.JPEG
n04542943,ILSVRC2012_val_00016069.JPEG
n04542943,ILSVRC2012_val_00017769.JPEG
n04542943,ILSVRC2012_val_00019935.JPEG
n04542943,ILSVRC2012_val_00021158.JPEG
n04542943,ILSVRC2012_val_00021295.JPEG
n04542943,ILSVRC2012_val_00021533.JPEG
n04542943,ILSVRC2012_val_00026559.JPEG
n04542943,ILSVRC2012_val_00027407.JPEG
n04542943,ILSVRC2012_val_00027972.JPEG
n04542943,ILSVRC2012_val_00028926.JPEG
n04542943,ILSVRC2012_val_00029064.JPEG
n04542943,ILSVRC2012_val_00030244.JPEG
n04542943,ILSVRC2012_val_00030900.JPEG
n04542943,ILSVRC2012_val_00033831.JPEG
n04542943,ILSVRC2012_val_00034550.JPEG
n04542943,ILSVRC2012_val_00035062.JPEG
n04542943,ILSVRC2012_val_00035586.JPEG
n04542943,ILSVRC2012_val_00035714.JPEG
n04542943,ILSVRC2012_val_00035737.JPEG
n04542943,ILSVRC2012_val_00035765.JPEG
n04542943,ILSVRC2012_val_00038777.JPEG
n04542943,ILSVRC2012_val_00038979.JPEG
n04542943,ILSVRC2012_val_00039485.JPEG
n04542943,ILSVRC2012_val_00040294.JPEG
n04542943,ILSVRC2012_val_00040911.JPEG
n04542943,ILSVRC2012_val_00042647.JPEG
n04542943,ILSVRC2012_val_00042908.JPEG
n04542943,ILSVRC2012_val_00044601.JPEG
n04542943,ILSVRC2012_val_00045700.JPEG
n04542943,ILSVRC2012_val_00046556.JPEG
n04542943,ILSVRC2012_val_00046566.JPEG
n04542943,ILSVRC2012_val_00047664.JPEG
n04542943,ILSVRC2012_val_00047909.JPEG
n04542943,ILSVRC2012_val_00048545.JPEG
n04542943,ILSVRC2012_val_00049214.JPEG
n04542943,ILSVRC2012_val_00049359.JPEG
n04542943,ILSVRC2012_val_00049401.JPEG
n04542943,ILSVRC2012_val_00049512.JPEG
n04542943,ILSVRC2012_val_00049594.JPEG
n04591713,ILSVRC2012_val_00000805.JPEG
n04591713,ILSVRC2012_val_00001589.JPEG
n04591713,ILSVRC2012_val_00002086.JPEG
n04591713,ILSVRC2012_val_00003201.JPEG
n04591713,ILSVRC2012_val_00005191.JPEG
n04591713,ILSVRC2012_val_00005388.JPEG
n04591713,ILSVRC2012_val_00006632.JPEG
n04591713,ILSVRC2012_val_00006808.JPEG
n04591713,ILSVRC2012_val_00006865.JPEG
n04591713,ILSVRC2012_val_00007320.JPEG
n04591713,ILSVRC2012_val_00010827.JPEG
n04591713,ILSVRC2012_val_00012594.JPEG
n04591713,ILSVRC2012_val_00013247.JPEG
n04591713,ILSVRC2012_val_00016360.JPEG
n04591713,ILSVRC2012_val_00016679.JPEG
n04591713,ILSVRC2012_val_00017177.JPEG
n04591713,ILSVRC2012_val_00019154.JPEG
n04591713,ILSVRC2012_val_00019274.JPEG
n04591713,ILSVRC2012_val_00021988.JPEG
n04591713,ILSVRC2012_val_00022049.JPEG
n04591713,ILSVRC2012_val_00024147.JPEG
n04591713,ILSVRC2012_val_00025193.JPEG
n04591713,ILSVRC2012_val_00026293.JPEG
n04591713,ILSVRC2012_val_00026709.JPEG
n04591713,ILSVRC2012_val_00027316.JPEG
n04591713,ILSVRC2012_val_00027648.JPEG
n04591713,ILSVRC2012_val_00028267.JPEG
n04591713,ILSVRC2012_val_00031837.JPEG
n04591713,ILSVRC2012_val_00032225.JPEG
n04591713,ILSVRC2012_val_00033940.JPEG
n04591713,ILSVRC2012_val_00033990.JPEG
n04591713,ILSVRC2012_val_00034842.JPEG
n04591713,ILSVRC2012_val_00035740.JPEG
n04591713,ILSVRC2012_val_00036776.JPEG
n04591713,ILSVRC2012_val_00037871.JPEG
n04591713,ILSVRC2012_val_00039657.JPEG
n04591713,ILSVRC2012_val_00039811.JPEG
n04591713,ILSVRC2012_val_00040198.JPEG
n04591713,ILSVRC2012_val_00040395.JPEG
n04591713,ILSVRC2012_val_00042526.JPEG
n04591713,ILSVRC2012_val_00042920.JPEG
n04591713,ILSVRC2012_val_00043192.JPEG
n04591713,ILSVRC2012_val_00043385.JPEG
n04591713,ILSVRC2012_val_00043394.JPEG
n04591713,ILSVRC2012_val_00044614.JPEG
n04591713,ILSVRC2012_val_00046607.JPEG
n04591713,ILSVRC2012_val_00048539.JPEG
n04591713,ILSVRC2012_val_00048602.JPEG
n04591713,ILSVRC2012_val_00049232.JPEG
n04591713,ILSVRC2012_val_00049393.JPEG
n07697537,ILSVRC2012_val_00000129.JPEG
n07697537,ILSVRC2012_val_00000197.JPEG
n07697537,ILSVRC2012_val_00000309.JPEG
n07697537,ILSVRC2012_val_00000811.JPEG
n07697537,ILSVRC2012_val_00003908.JPEG
n07697537,ILSVRC2012_val_00003930.JPEG
n07697537,ILSVRC2012_val_00005710.JPEG
n07697537,ILSVRC2012_val_00006368.JPEG
n07697537,ILSVRC2012_val_00010271.JPEG
n07697537,ILSVRC2012_val_00010910.JPEG
n07697537,ILSVRC2012_val_00013208.JPEG
n07697537,ILSVRC2012_val_00014874.JPEG
n07697537,ILSVRC2012_val_00015811.JPEG
n07697537,ILSVRC2012_val_00016179.JPEG
n07697537,ILSVRC2012_val_00023336.JPEG
n07697537,ILSVRC2012_val_00023660.JPEG
n07697537,ILSVRC2012_val_00023883.JPEG
n07697537,ILSVRC2012_val_00024032.JPEG
n07697537,ILSVRC2012_val_00024917.JPEG
n07697537,ILSVRC2012_val_00025340.JPEG
n07697537,ILSVRC2012_val_00025922.JPEG
n07697537,ILSVRC2012_val_00026101.JPEG
n07697537,ILSVRC2012_val_00028722.JPEG
n07697537,ILSVRC2012_val_00029037.JPEG
n07697537,ILSVRC2012_val_00029990.JPEG
n07697537,ILSVRC2012_val_00030111.JPEG
n07697537,ILSVRC2012_val_00030973.JPEG
n07697537,ILSVRC2012_val_00032384.JPEG
n07697537,ILSVRC2012_val_00032446.JPEG
n07697537,ILSVRC2012_val_00032679.JPEG
n07697537,ILSVRC2012_val_00033675.JPEG
n07697537,ILSVRC2012_val_00034147.JPEG
n07697537,ILSVRC2012_val_00034152.JPEG
n07697537,ILSVRC2012_val_00034161.JPEG
n07697537,ILSVRC2012_val_00034311.JPEG
n07697537,ILSVRC2012_val_00036551.JPEG
n07697537,ILSVRC2012_val_00038387.JPEG
n07697537,ILSVRC2012_val_00040060.JPEG
n07697537,ILSVRC2012_val_00040195.JPEG
n07697537,ILSVRC2012_val_00040959.JPEG
n07697537,ILSVRC2012_val_00042412.JPEG
n07697537,ILSVRC2012_val_00042704.JPEG
n07697537,ILSVRC2012_val_00043773.JPEG
n07697537,ILSVRC2012_val_00044831.JPEG
n07697537,ILSVRC2012_val_00046213.JPEG
n07697537,ILSVRC2012_val_00048937.JPEG
n07697537,ILSVRC2012_val_00048983.JPEG
n07697537,ILSVRC2012_val_00049110.JPEG
n07697537,ILSVRC2012_val_00049219.JPEG
n07697537,ILSVRC2012_val_00049530.JPEG
n07711569,ILSVRC2012_val_00000183.JPEG
n07711569,ILSVRC2012_val_00000406.JPEG
n07711569,ILSVRC2012_val_00000863.JPEG
n07711569,ILSVRC2012_val_00003087.JPEG
n07711569,ILSVRC2012_val_00004122.JPEG
n07711569,ILSVRC2012_val_00005431.JPEG
n07711569,ILSVRC2012_val_00006569.JPEG
n07711569,ILSVRC2012_val_00008385.JPEG
n07711569,ILSVRC2012_val_00009675.JPEG
n07711569,ILSVRC2012_val_00010413.JPEG
n07711569,ILSVRC2012_val_00011549.JPEG
n07711569,ILSVRC2012_val_00012153.JPEG
n07711569,ILSVRC2012_val_00012168.JPEG
n07711569,ILSVRC2012_val_00012622.JPEG
n07711569,ILSVRC2012_val_00013084.JPEG
n07711569,ILSVRC2012_val_00013227.JPEG
n07711569,ILSVRC2012_val_00014920.JPEG
n07711569,ILSVRC2012_val_00015761.JPEG
n07711569,ILSVRC2012_val_00016546.JPEG
n07711569,ILSVRC2012_val_00016562.JPEG
n07711569,ILSVRC2012_val_00017925.JPEG
n07711569,ILSVRC2012_val_00019247.JPEG
n07711569,ILSVRC2012_val_00021770.JPEG
n07711569,ILSVRC2012_val_00021944.JPEG
n07711569,ILSVRC2012_val_00022599.JPEG
n07711569,ILSVRC2012_val_00025502.JPEG
n07711569,ILSVRC2012_val_00028805.JPEG
n07711569,ILSVRC2012_val_00028891.JPEG
n07711569,ILSVRC2012_val_00029476.JPEG
n07711569,ILSVRC2012_val_00029623.JPEG
n07711569,ILSVRC2012_val_00029714.JPEG
n07711569,ILSVRC2012_val_00029844.JPEG
n07711569,ILSVRC2012_val_00032485.JPEG
n07711569,ILSVRC2012_val_00032752.JPEG
n07711569,ILSVRC2012_val_00032912.JPEG
n07711569,ILSVRC2012_val_00033636.JPEG
n07711569,ILSVRC2012_val_00034543.JPEG
n07711569,ILSVRC2012_val_00034705.JPEG
n07711569,ILSVRC2012_val_00034791.JPEG
n07711569,ILSVRC2012_val_00035227.JPEG
n07711569,ILSVRC2012_val_00037511.JPEG
n07711569,ILSVRC2012_val_00039371.JPEG
n07711569,ILSVRC2012_val_00039392.JPEG
n07711569,ILSVRC2012_val_00040284.JPEG
n07711569,ILSVRC2012_val_00042025.JPEG
n07711569,ILSVRC2012_val_00042589.JPEG
n07711569,ILSVRC2012_val_00043265.JPEG
n07711569,ILSVRC2012_val_00044645.JPEG
n07711569,ILSVRC2012_val_00047512.JPEG
n07711569,ILSVRC2012_val_00048222.JPEG
n07717410,ILSVRC2012_val_00001932.JPEG
n07717410,ILSVRC2012_val_00004022.JPEG
n07717410,ILSVRC2012_val_00005743.JPEG
n07717410,ILSVRC2012_val_00010479.JPEG
n07717410,ILSVRC2012_val_00011443.JPEG
n07717410,ILSVRC2012_val_00012215.JPEG
n07717410,ILSVRC2012_val_00013626.JPEG
n07717410,ILSVRC2012_val_00014177.JPEG
n07717410,ILSVRC2012_val_00015486.JPEG
n07717410,ILSVRC2012_val_00015743.JPEG
n07717410,ILSVRC2012_val_00016210.JPEG
n07717410,ILSVRC2012_val_00016533.JPEG
n07717410,ILSVRC2012_val_00017355.JPEG
n07717410,ILSVRC2012_val_00017741.JPEG
n07717410,ILSVRC2012_val_00018424.JPEG
n07717410,ILSVRC2012_val_00019317.JPEG
n07717410,ILSVRC2012_val_00020078.JPEG
n07717410,ILSVRC2012_val_00020547.JPEG
n07717410,ILSVRC2012_val_00023613.JPEG
n07717410,ILSVRC2012_val_00024232.JPEG
n07717410,ILSVRC2012_val_00024803.JPEG
n07717410,ILSVRC2012_val_00025094.JPEG
n07717410,ILSVRC2012_val_00025095.JPEG
n07717410,ILSVRC2012_val_00025236.JPEG
n07717410,ILSVRC2012_val_00027302.JPEG
n07717410,ILSVRC2012_val_00027320.JPEG
n07717410,ILSVRC2012_val_00027369.JPEG
n07717410,ILSVRC2012_val_00027565.JPEG
n07717410,ILSVRC2012_val_00027719.JPEG
n07717410,ILSVRC2012_val_00027745.JPEG
n07717410,ILSVRC2012_val_00030247.JPEG
n07717410,ILSVRC2012_val_00031841.JPEG
n07717410,ILSVRC2012_val_00031900.JPEG
n07717410,ILSVRC2012_val_00033494.JPEG
n07717410,ILSVRC2012_val_00034687.JPEG
n07717410,ILSVRC2012_val_00035030.JPEG
n07717410,ILSVRC2012_val_00035066.JPEG
n07717410,ILSVRC2012_val_00036372.JPEG
n07717410,ILSVRC2012_val_00038017.JPEG
n07717410,ILSVRC2012_val_00038040.JPEG
n07717410,ILSVRC2012_val_00040432.JPEG
n07717410,ILSVRC2012_val_00041454.JPEG
n07717410,ILSVRC2012_val_00042080.JPEG
n07717410,ILSVRC2012_val_00042453.JPEG
n07717410,ILSVRC2012_val_00042721.JPEG
n07717410,ILSVRC2012_val_00043378.JPEG
n07717410,ILSVRC2012_val_00043596.JPEG
n07717410,ILSVRC2012_val_00044136.JPEG
n07717410,ILSVRC2012_val_00044960.JPEG
n07717410,ILSVRC2012_val_00048596.JPEG
n07871810,ILSVRC2012_val_00001115.JPEG
n07871810,ILSVRC2012_val_00002686.JPEG
n07871810,ILSVRC2012_val_00003764.JPEG
n07871810,ILSVRC2012_val_00003840.JPEG
n07871810,ILSVRC2012_val_00007058.JPEG
n07871810,ILSVRC2012_val_00008075.JPEG
n07871810,ILSVRC2012_val_00009382.JPEG
n07871810,ILSVRC2012_val_00009447.JPEG
n07871810,ILSVRC2012_val_00010213.JPEG
n07871810,ILSVRC2012_val_00012785.JPEG
n07871810,ILSVRC2012_val_00013077.JPEG
n07871810,ILSVRC2012_val_00014188.JPEG
n07871810,ILSVRC2012_val_00014713.JPEG
n07871810,ILSVRC2012_val_00015361.JPEG
n07871810,ILSVRC2012_val_00015840.JPEG
n07871810,ILSVRC2012_val_00016553.JPEG
n07871810,ILSVRC2012_val_00017771.JPEG
n07871810,ILSVRC2012_val_00018608.JPEG
n07871810,ILSVRC2012_val_00019792.JPEG
n07871810,ILSVRC2012_val_00021763.JPEG
n07871810,ILSVRC2012_val_00021866.JPEG
n07871810,ILSVRC2012_val_00023404.JPEG
n07871810,ILSVRC2012_val_00024553.JPEG
n07871810,ILSVRC2012_val_00024893.JPEG
n07871810,ILSVRC2012_val_00026550.JPEG
n07871810,ILSVRC2012_val_00026959.JPEG
n07871810,ILSVRC2012_val_00027096.JPEG
n07871810,ILSVRC2012_val_00027403.JPEG
n07871810,ILSVRC2012_val_00029371.JPEG
n07871810,ILSVRC2012_val_00031315.JPEG
n07871810,ILSVRC2012_val_00031643.JPEG
n07871810,ILSVRC2012_val_00032143.JPEG
n07871810,ILSVRC2012_val_00032998.JPEG
n07871810,ILSVRC2012_val_00033452.JPEG
n07871810,ILSVRC2012_val_00033661.JPEG
n07871810,ILSVRC2012_val_00035622.JPEG
n07871810,ILSVRC2012_val_00035848.JPEG
n07871810,ILSVRC2012_val_00037774.JPEG
n07871810,ILSVRC2012_val_00038660.JPEG
n07871810,ILSVRC2012_val_00039329.JPEG
n07871810,ILSVRC2012_val_00041040.JPEG
n07871810,ILSVRC2012_val_00041727.JPEG
n07871810,ILSVRC2012_val_00042283.JPEG
n07871810,ILSVRC2012_val_00042577.JPEG
n07871810,ILSVRC2012_val_00043884.JPEG
n07871810,ILSVRC2012_val_00044006.JPEG
n07871810,ILSVRC2012_val_00044260.JPEG
n07871810,ILSVRC2012_val_00044312.JPEG
n07871810,ILSVRC2012_val_00046603.JPEG
n07871810,ILSVRC2012_val_00047989.JPEG
n11879895,ILSVRC2012_val_00000216.JPEG
n11879895,ILSVRC2012_val_00002321.JPEG
n11879895,ILSVRC2012_val_00003137.JPEG
n11879895,ILSVRC2012_val_00003367.JPEG
n11879895,ILSVRC2012_val_00003563.JPEG
n11879895,ILSVRC2012_val_00004688.JPEG
n11879895,ILSVRC2012_val_00007332.JPEG
n11879895,ILSVRC2012_val_00007447.JPEG
n11879895,ILSVRC2012_val_00009263.JPEG
n11879895,ILSVRC2012_val_00009747.JPEG
n11879895,ILSVRC2012_val_00010026.JPEG
n11879895,ILSVRC2012_val_00010246.JPEG
n11879895,ILSVRC2012_val_00010754.JPEG
n11879895,ILSVRC2012_val_00010964.JPEG
n11879895,ILSVRC2012_val_00011338.JPEG
n11879895,ILSVRC2012_val_00012198.JPEG
n11879895,ILSVRC2012_val_00012320.JPEG
n11879895,ILSVRC2012_val_00012456.JPEG
n11879895,ILSVRC2012_val_00012758.JPEG
n11879895,ILSVRC2012_val_00014299.JPEG
n11879895,ILSVRC2012_val_00015891.JPEG
n11879895,ILSVRC2012_val_00019304.JPEG
n11879895,ILSVRC2012_val_00020619.JPEG
n11879895,ILSVRC2012_val_00021912.JPEG
n11879895,ILSVRC2012_val_00022415.JPEG
n11879895,ILSVRC2012_val_00028652.JPEG
n11879895,ILSVRC2012_val_00029042.JPEG
n11879895,ILSVRC2012_val_00029285.JPEG
n11879895,ILSVRC2012_val_00029577.JPEG
n11879895,ILSVRC2012_val_00029679.JPEG
n11879895,ILSVRC2012_val_00030171.JPEG
n11879895,ILSVRC2012_val_00030186.JPEG
n11879895,ILSVRC2012_val_00031401.JPEG
n11879895,ILSVRC2012_val_00031639.JPEG
n11879895,ILSVRC2012_val_00032270.JPEG
n11879895,ILSVRC2012_val_00035832.JPEG
n11879895,ILSVRC2012_val_00036223.JPEG
n11879895,ILSVRC2012_val_00036366.JPEG
n11879895,ILSVRC2012_val_00037274.JPEG
n11879895,ILSVRC2012_val_00039118.JPEG
n11879895,ILSVRC2012_val_00039284.JPEG
n11879895,ILSVRC2012_val_00040363.JPEG
n11879895,ILSVRC2012_val_00041492.JPEG
n11879895,ILSVRC2012_val_00042711.JPEG
n11879895,ILSVRC2012_val_00043005.JPEG
n11879895,ILSVRC2012_val_00044013.JPEG
n11879895,ILSVRC2012_val_00044060.JPEG
n11879895,ILSVRC2012_val_00044289.JPEG
n11879895,ILSVRC2012_val_00044663.JPEG
n11879895,ILSVRC2012_val_00048798.JPEG
